FACTSET_ENTITY_ID,ISO_COUNTRY,YEAR,g_S3_est,SALES,g_S3_CDP_c
003JR4-E,AUS,2015,982781.6199969489,3800.4965178811563,84695.83347604568
0DHSZD-E,AUS,2015,82076.65277394792,1633.5788625799926,51364.61800548882
05FWGK-E,AUS,2015,94498.15092704054,1088.4249327849548,2467.2123963472895
05HWY4-E,AUS,2015,1.0395149280401466e6,6461.314997637382,993553.1962391335
003JKC-E,AUT,2015,7.180055982369824e6,19863.125730493757,1.106626998314162e6
05J0KT-E,AUT,2015,144623.2765030527,591.2601828605731,6628.654388790776
003KKF-E,AUT,2015,444356.88780338416,3594.371309879533,993.7423445614982
05ZTWT-E,AUT,2015,100704.44266872687,482.7959411511686,2740.5783169818546
05HWY1-E,AUT,2015,1.610201441026703e6,1907.3456155853373,1.8877424863457375e6
05HX92-E,AUT,2015,1.5773530943418888e6,2711.112571260981,162483.9441715966
09WND4-E,AUT,2015,334325.11957811,1789.872,12523.802438597497
05J17T-E,AUT,2015,154542.4771481289,1082.795155967169,233285.29521336505
002K83-E,BEL,2015,1.5928306835716678e7,8768.585566972983,4.987838269094478e6
05HHCX-E,BEL,2015,1.537103203481721e6,2914.562986107241,26274.5530795507
05HJ3S-E,BEL,2015,5.554865482393909e7,20617.22992294656,2.153066762987332e7
05L2FS-E,BEL,2015,783440.121014443,2196.842698555212,9332.237536167679
05JGJ8-E,BEL,2015,4.21525036981687e6,5454.711140904875,143141.08746533192
0688VK-E,BEL,2015,873058.1404784028,1602.3737163050264,279.9718247886485
0622GR-E,BEL,2015,1.0844240250798012e6,4874.161,7604.779001224136
05HZ3X-E,BEL,2015,75920.43255633069,163.98008030144595,55224.500676470976
05HZ66-E,BEL,2015,57789.112283761744,110.66496052661715,3295.5506075802455
003JLR-E,BRA,2015,753530.6930282048,1675.1705439553614,26650.56885422442
002C5D-E,BRA,2015,7.234566265149736e6,12761.344844690293,2.4448999681442804e6
003LG0-E,BRA,2015,5.570788412923087e7,75266.93985368304,4.586211724839224e6
06J41J-E,BRA,2015,2.32843284943671e7,8662.520960823687,827941.7038603373
06JQ36-E,BRA,2015,2.348486685522489e6,1824.0515885233442,1.406293429161634e7
07NJDS-E,BRA,2015,1.878638604161287e7,8013.485541729492,304359.606756736
086DVT-E,BRA,2015,698042.7606337732,871.3445616871716,36394.00011865262
08B2D0-E,BRA,2015,712249.7514414161,1701.2068083316726,33181.06924869158
05J1R2-E,BRA,2015,9.092790838877508e6,10016.482126148341,2.9305196217150493e6
05J13M-E,BRA,2015,1.5900109730808104e6,2604.272796558564,3.425190941745072
0066G5-E,BRA,2015,312.94161824264546,0.3598089729802434,0.28651387555455177
05HWJK-E,BRA,2015,1.2464538734708594e7,9096.48670055973,1.243928337344971e6
05HX9G-E,BRA,2015,120.52974619844,0.08995224324506086,0.010227396852632964
05HZGW-E,BRA,2015,5.014445116385107e6,3595.5625653787097,987.0571776843007
05W4CT-E,BRA,2015,2.763634165755973e6,1806.5239418124781,85.76967642897603
05W4HH-E,BRA,2015,5.3813668662646245e6,4211.694512020269,5844.834033751303
05WHCL-E,BRA,2015,742768.3577307074,776.3312932964266,1855.667494046485
06FFMD-E,BRA,2015,336332.0654960994,1142.6033777798448,31.535819188702714
06NDR6-E,BRA,2015,432567.3159676387,822.0435669355296,26294.564025520183
001YYP-E,BRA,2015,5.061866300812965e6,6735.923815000973,27938.029744989526
05J2S0-E,BRA,2015,3.6982556464279057e6,5293.695998667409,57014.889330236314
05J3LP-E,BRA,2015,2.2365275625484297e6,2922.4584307887817,9255.98860415697
05K029-E,BRA,2015,918985.2619309147,1673.0817402770506,5049.736757666508
09J0TT-E,BRA,2015,256367.71996278592,778.5198190241108,561.1079615523054
0026WY-E,BRA,2015,1.6000283670265079e6,5998.482260946991,17279.978866592315
05HXDX-E,BRA,2015,363584.47248344356,1984.1763087983643,61394.95840535944
007VQR-E,BRA,2015,685327.9250947265,2486.7441560952425,18610.376935908946
00BSDK-E,BRA,2015,2.496126478331699e6,20304.412656556917,58291.44715079005
05HWPQ-E,BRA,2015,1.8434483073165026e6,15148.996071645555,16944.679621584786
05HWYX-E,BRA,2015,269542.57333848305,1030.3114795757776,85370.27634845993
05HZBC-E,BRA,2015,7514.015411940586,37.30019686561857,327.28471890219197
05NSLM-E,BRA,2015,858250.8459792525,6879.428097289413,20125.48501303337
05W4YC-E,BRA,2015,383684.39009503275,2081.8547176636885,4674.810186784723
0663NL-E,BRA,2015,248.4751786015375,1.1393950811041038,547.3918910032795
06QPBQ-E,BRA,2015,1000.4731292387852,27.292087175503838,41.37220241012106
05WSNB-E,BRA,2015,22481.002335832218,44.39308004044768,90.0223571776462
0BCB9M-E,CAN,2015,237032.05833782567,540.4508292130729,37.80351744483557
00CS2T-E,CAN,2015,79076.58832148423,537.356241896393,240909.9434362382
00CZ2H-E,CAN,2015,548089.1330952717,1575.2325996174327,938.6892327634862
0817XN-E,CAN,2015,1.2768714432638528e7,19571.944746736488,557464.3458231364
083V0Q-E,CAN,2015,9.986985735829098e6,8072.0879669327815,4149.848303706337
001NDB-E,CAN,2015,1.9120157590757464e6,5247.9389655862415,1.563384957253587e6
05DZGZ-E,CAN,2015,2.563043581151736e6,6491.3406283121,37492.23351993448
06LJ3H-E,CAN,2015,386276.7251556153,666.5856033383338,3919.4479310608835
003MYN-E,CAN,2015,277107.63496912987,1796.6089789637724,627.4966946983016
06B3CZ-E,CAN,2015,313176.5754380798,1471.9018177389912,35067.43022182146
0093J5-E,CAN,2015,668405.8945778756,2738.6144063476722,1.2201451383256118e6
003NFW-E,CAN,2015,422131.0579401192,1180.8335925361919,3974.454131919553
003N20-E,CAN,2015,582926.7701854199,1232.6187768942261,4646.984149176422
003NSW-E,CAN,2015,190067.5165647622,591.3759385312201,10746.538851097925
002C52-E,CAN,2015,1.6254380182833236e6,3941.153504843043,4143.982040129572
001SSL-E,CAN,2015,21111.612176856353,363.94855451843,5823.983450218739
003NXF-E,CAN,2015,1.3905619153051595e6,3665.327430608157,1279.737624277709
003VJL-E,CAN,2015,3.569809743530154e6,8803.685078334245,97041.28287870061
0019S0-E,CAN,2015,1.82177082052562e6,7701.857306891314,553036.4809608649
001HN7-E,CAN,2015,2.711424859919911e6,7702.366520577125,1.2526072950460108e6
001H5Q-E,CAN,2015,859310.337217513,4031.7268094981746,6328.189388009345
00282B-E,CAN,2015,1.6967199733908821e6,14304.441797879368,1.4424423139069418e6
000CKX-E,CAN,2015,1.005306828007011e6,8054.489639462749,30822.904247853683
00136Q-E,CAN,2015,1.5487766685432964e6,16334.20491393314,9604.553266880019
0018FV-E,CAN,2015,3.0502406618718104e6,19229.926414385925,10150.98147549838
001VG4-E,CAN,2015,667702.5572947703,7196.239352891455,9729.233376229236
00200H-E,CAN,2015,393032.575068278,3025.371463283977,11313.323987947626
002YSD-E,CAN,2015,1.5942366548498613e6,10677.970160294095,2238.0736867443406
003L9F-E,CAN,2015,2.636983280181879e6,18818.333996883248,14336.852200483048
003V24-E,CAN,2015,4.711089990003671e6,18548.497946816682,8316.086974598744
00791K-E,CAN,2015,345259.2836102361,1349.5101729135754,3517.3302928320563
0030M3-E,CAN,2015,710094.2692185842,7858.12062667222,440143.184182173
003FXF-E,CAN,2015,3452.133389169397,26.95484714102368,40170.126412173515
003N6X-E,CAN,2015,4.713346241738237e6,20258.49297270365,6428.326028964487
05G8F7-E,CAN,2015,188635.93027668886,1672.9034960604838,2579.123231868499
05H62K-E,CAN,2015,5.524770837493407e6,26150.602518162927,2523.730862227849
05H65P-E,CAN,2015,4.7606880638666805e6,20258.49297270365,6335.587310961708
05KBY0-E,CAN,2015,559131.5952226568,4784.515614320024,1197.5617018776932
05HL4J-E,CHE,2015,1.127798917078317e6,3417.4462971131907,942038.6557165998
000VJ8-E,CHE,2015,4.0025172540881434e6,39183.24515773343,696233.034087808
05FGM6-E,CHE,2015,3.366303394409902e6,23047.699036751957,3.3201318499513636e6
05HXN2-E,CHE,2015,423360.04799207876,1589.82929009711,4.713394014669251
05HYVW-E,CHE,2015,28250.74789291397,66.9896149820643,222.93738011584801
05J10Q-E,CHE,2015,81789.36029151262,398.9518114700945,12849.161702882197
0036X2-E,CHE,2015,8.614066108290855e6,25550.458107206836,107658.6299051508
0028NS-E,CHE,2015,498228.6743360211,2165.711714208407,8191.2785455021285
05HWZT-E,CHE,2015,1.3627978536161957e6,6816.207087650362,1.5953370386685084e6
05HWWX-E,CHE,2015,4.816509097179626e6,14382.683791941748,237076.21157466836
05LS6N-E,CHE,2015,1.7739674736334216e6,4953.459409323526,6.060120227794027e6
002TZV-E,CHE,2015,38.309673790310406,0.7287161509503339,29.06251441811047
05FWCG-E,CHE,2015,48611.51483603613,763.9646843495377,280.2639793675424
05GGL5-E,CHE,2015,2.518354206196703e6,42392.63824996296,23135.129796817546
0BT2BZ-E,CHE,2015,1.3720181794157862e6,20857.28404921097,45564.47707554805
05FWMC-E,CHE,2015,18240.756564255837,692.2450867619855,1155.11071712418
05HYW0-E,CHE,2015,5153.963599330634,292.960894594285,16.032587134648374
05J16T-E,CHE,2015,12339.815914615221,287.58034330175235,277.72745100845975
05MBK2-E,CHE,2015,64443.96661135445,754.8343922942446,612326.1015881376
08587L-E,CHE,2015,55497.822136685776,1969.364546269131,4071.5920618612504
002C2M-E,CHE,2015,2.791824249512207e6,17813.54766269229,7097.7988140061225
05HWM3-E,CHE,2015,127281.89133057493,4262.635573698449,179161.15108145136
0013TL-E,CHL,2015,354712.0875168232,664.3014259785574,127813.77883778817
05J103-E,COL,2015,205363.75570609563,157.77723078313625,23.40332591498531
06C3Z9-E,COL,2015,814860.4762474493,1787.963121659839,2.5318164905074183e6
05PMHJ-E,COL,2015,194331.23346001847,179.04547733898136,14017.883886254836
06FFV7-E,COL,2015,670787.489663978,911.6014552919811,915.1099823217181
094R7W-E,COL,2015,465629.25694923487,1027.2775642242927,248.38136596861597
003JGK-E,COL,2015,313280.1088677244,2216.24279648093,351.04138353611495
05J27C-E,COL,2015,24142.89665933845,151.40269491985578,93.9104752095893
05WQPQ-E,COL,2015,168522.27837769216,1127.8698234702358,254.93476964440686
05WL8K-E,COL,2015,239080.97817156636,1350.6333802539698,691.4270752437803
05HHL0-E,DEU,2015,2.2001406189232245e6,14932.994714619543,2.756865891430845e6
008TGL-E,DEU,2015,1.0440952369507414e6,1910.983026724595,1.2244172262766922e6
05HSK3-E,DEU,2015,1.0060417798082761e6,2811.0760828135135,87424.5119071657
05HWRB-E,DEU,2015,530866.059979681,2731.3980298989554,17783.248372247424
003715-E,DEU,2015,2.509376552278119e6,1918.9241167194848,884187.042919822
001L0T-E,DEU,2015,3.3571798243193063e6,10659.648971427016,161453.7610374342
0028L7-E,DEU,2015,1.3498454974985233e7,37529.97776786099,1.1244338645001877e7
002PBB-E,DEU,2015,8.525199786187377e6,14906.42948646306,29714.299905759184
002YCC-E,DEU,2015,2.618570176769713e7,45362.45084954667,3.2363566897264227e7
006NX1-E,DEU,2015,2381.784308059124,9.313298428319555,9542.690938566877
00846Z-E,DEU,2015,1.070892440273269e6,3552.995020620994,2.5973567448591995e6
05HG3K-E,DEU,2015,2.5415433600456724e6,4602.553052662516,44815.39918614329
06XPZ0-E,DEU,2015,3.1713274073003815e6,11132.226696736767,5.798704572886287e6
003JMZ-E,DEU,2015,9.761911342353959e6,30398.09077715078,3.4679164837015127e6
05HL4P-E,DEU,2015,230353.5986262499,637.1888444465752,210639.1623037551
05HGS3-E,DEU,2015,1.7435355966480978e7,33277.64468929114,1.929532926123492e7
002Q21-E,DEU,2015,9.119567639526995e6,30359.399466976134,3.5088190469265436e6
05J399-E,DEU,2015,215281.60283404926,731.2120785698454,734.8988927320283
05HRC2-E,DEU,2015,1.0587692516298734e6,3017.8096964169827,6259.522323124191
05HRKW-E,DEU,2015,762350.3242027335,2113.057047991917,1146.4921653984275
05J2TR-E,DEU,2015,341048.935875672,966.5216770854884,239.63552788768337
05J4GT-E,DEU,2015,508719.75475313724,1793.4242618841504,1287.5534763882795
001YFZ-E,DEU,2015,4.9618318544867665e7,144951.02834435808,2.1369180766897175e7
0025F0-E,DEU,2015,3.802806732115379e7,103413.07355095948,4.641225284189944e6
05HF3F-E,DEU,2015,2.8597426088963717e7,86031.83676525035,6.292046023801872e6
05PCZC-E,DEU,2015,2.1400241645538773e7,16426.299758172514,9.913584028605482e6
002M19-E,DEU,2015,574854.6557846434,1492.09702433426,896790.5243532618
05HFSY-E,DEU,2015,1.6349751245066044e6,3064.461331009494,163421.8718126523
06GPMP-E,DEU,2015,5.3176922810481135e6,11036.70447074233,34325.404562201
05GDR1-E,DEU,2015,2.8085838134750936e7,54274.55938871753,2.435614858920778e7
003JN9-E,DEU,2015,1.3920727346929323e7,26423.219381942086,7.960616000000004e6
05HM2F-E,DEU,2015,534957.1099283671,2232.8560688031985,214323.83072243855
05HGB3-E,DEU,2015,2.7689852223834163e6,14307.745064963783,41738.441955211274
05HDZK-E,DEU,2015,592398.9812627373,11609.884077962197,388871.0548987484
0011H9-E,DEU,2015,2.5562856614170857e6,24514.82273824721,932971.7800261332
001D6B-E,DEU,2015,3.5655231600108948e6,28170.110999999997,1.2085197189326999e6
0032RQ-E,DEU,2015,1.4676069293592083e6,9066.717999999999,4185.558885919804
003JZH-E,DEU,2015,2.066677057164149e6,12947.010758397708,5365.16233646362
05FWFX-E,DEU,2015,1.1874304072667465e6,8168.5160000000005,40245.35020921683
05HR85-E,DEU,2015,152612.2603942781,1083.4712217152999,51.539604299682466
05HR9D-E,DEU,2015,387244.41120836115,1896.1120904494433,1234.146169434128
05HRMS-E,DEU,2015,589571.2919359702,3738.2520000000004,302.3083485111506
05HS11-E,DEU,2015,63414.0844253493,364.88905426340534,600.2525387920107
05J4S9-E,DEU,2015,73938.95597576322,431.56365394236457,21842.257031355224
05J74D-E,DEU,2015,115125.3538600686,782.980838986951,851.85032948477
05HL2T-E,DEU,2015,114823.16031576472,1427.114,3524.4649114379545
0093RG-E,DEU,2015,9103.127237155986,102.82672946301453,140.41210021344492
003G89-E,DNK,2015,1.5399884302920746e6,12008.306119882489,951217.2233277224
00455M-E,DNK,2015,408666.50875206373,1214.1857390682176,5396.327754065854
05HZ4Y-E,DNK,2015,709520.7256431212,2147.0704988040675,15642.30379304499
05J1DS-E,DNK,2015,691763.2038183071,1710.746937643957,13.89679965935341
05HWWD-E,DNK,2015,239236.80724253177,1491.4382755370264,39427.360019746666
06FVBQ-E,DNK,2015,319313.559521675,756.6646452322149,253.17147898719398
05HH9B-E,DNK,2015,2.972934345367653e6,7173.177587576343,1.2003252788968564e6
00606S-E,DNK,2015,615997.7610297613,1403.862289720978,1.5812497964906434e6
062N2M-E,DNK,2015,1.0629485878165988e6,8515.268825658222,3426.582771703089
05G8VG-E,DNK,2015,435146.5114521949,7925.853403805868,3438.1172265141977
05HXMM-E,DNK,2015,134098.35205390182,1598.0167436124177,1201.599518013601
003P21-E,DNK,2015,76762.3111523469,546.7396691093925,299407.1120971328
05DZH8-E,ESP,2015,2.296873144838718e7,34987.82838639772,3.747062638962709e6
05HK52-E,ESP,2015,1.229288697325205e6,2025.8594529006298,15239.4997817718
003G1Q-E,ESP,2015,2.5778035142256427e6,4929.137857126498,1.087729650435566e6
00394S-E,ESP,2015,1.1285587711924992e6,3170.0088299647855,29040.54920577011
009BRJ-E,ESP,2015,203606.41316212842,554.626474142853,3900.456579094789
05HLL9-E,ESP,2015,2.550977923421929e6,5768.950956283297,197596.78866884016
05HWMK-E,ESP,2015,2.99623823046788e6,3548.7032576892852,39652.84612799863
05HVZW-E,ESP,2015,972481.1078621225,2038.977973131316,1007.4406549032104
003HR3-E,ESP,2015,2.0957292343394794e7,17830.591767796384,9.60749263946596e6
05HDYL-E,ESP,2015,2.6409634296456143e7,20908.502462041833,1.5483220910939092e7
05HFXJ-E,ESP,2015,3.286911101674645e7,28246.673786084524,222904.6978024817
05HJVH-E,ESP,2015,2.411406431075665e6,5367.185305438245,945153.4345717519
05JLQW-E,ESP,2015,388768.72268718306,1140.0108597280407,8334.759045860717
05HKW1-E,ESP,2015,1.5679161672450523e6,3876.6012518058346,373210.54814763233
08D377-E,ESP,2015,2.8241414772624327e6,8733.300872006446,860073.0962497211
06HVK0-E,ESP,2015,2.6759080964302476e6,7543.272690497359,153547.20764387495
05HGD6-E,ESP,2015,1.4477094138204763e6,3831.1042535213987,391189.81078058947
05HX58-E,ESP,2015,413618.70058672957,1528.8905321743564,12892.315689748435
05DZGP-E,ESP,2015,5.653060201480153e6,39838.43349713831,684523.4465924099
05HX7R-E,ESP,2015,313105.72575835907,2217.3780139108876,7473.57288742069
09Q519-E,ESP,2015,233518.0179813205,3043.757793556689,5879.310996019079
05G7HZ-E,ESP,2015,1.2360717028544974e6,8890.324000000002,13020.496611560367
05HJX4-E,ESP,2015,205958.8913586405,1373.2110000000002,3326.9912514429598
05HKLH-E,ESP,2015,524704.606464256,3598.923,4654.682645376591
06WSS6-E,ESP,2015,371504.163214598,5938.858,21536.267169238985
06Y6NS-E,ESP,2015,577777.4176645909,8410.169000000002,10180.765063255625
003HWW-E,ESP,2015,389247.5230485796,2515.0410972485993,2532.7022770733684
05HXRV-E,FIN,2015,304437.6344653549,545.9320665954647,4214.926174670162
002V9S-E,FIN,2015,5.15605304001339e6,7670.645125452515,1.2994969758208739e6
002V58-E,FIN,2015,3.729429747745431e6,5563.562146601066,2.542185466017992e6
05HX7G-E,FIN,2015,1.4458811790438711e6,1640.1885779448608,370441.4313237841
05HXKW-E,FIN,2015,1.5291096304141372e6,1969.404733009993,563715.4819632701
05KSLM-E,FIN,2015,550932.8402530111,625.90074149262,275.801520036639
063XQ2-E,FIN,2015,54582.366664731315,221.67389747885966,3482.419400515371
05LP7T-E,FIN,2015,5.896740261992899e6,6132.91422137951,2.1989424802652574e6
05JTW6-E,FIN,2015,680418.933250587,1042.6098835066805,119992.19693976133
05HHKF-E,FIN,2015,8.016599376695968e6,4673.76844330581,1300.9706613826613
000RCG-E,FIN,2015,3.6781441438954314e6,10213.927008458182,1.3916828813884568e6
002CKG-E,FIN,2015,978554.0830384851,2305.116233228578,272248.99538271193
05HX0F-E,FIN,2015,1.537148549840776e6,3823.62607991139,1.6475340985840044e6
05HZJ9-E,FIN,2015,388968.59671663994,911.741267778174,733867.2619233255
0DH64Z-E,FIN,2015,630978.527335327,1396.7105516798642,418305.81245695095
05HJM0-E,FIN,2015,2.3134068404333983e6,3423.8774001877664,2.95661185061889e6
05J0K7-E,FIN,2015,525609.8105833065,593.09889138069,7384.076315525015
05HZ28-E,FIN,2015,5.4611744340127185e6,7313.940130197656,2.859818678385561e6
05J0B1-E,FIN,2015,412412.0242707501,686.5482670938712,7686.562937088747
05HZWM-E,FIN,2015,1.491187353682459e6,1942.8278863407995,5.51471753518727e6
05HMFJ-E,FIN,2015,217424.8904236326,1148.6533245297403,5060.627301201665
05HXDY-E,FIN,2015,309205.8263619745,1281.2852708741216,69734.01610696988
05HZ7G-E,FIN,2015,200789.11961350933,584.6320000000001,2662.6539960053824
05HZJX-E,FIN,2015,54518.82202096664,179.84977474166618,81.7757157268811
05HYXL-E,FIN,2015,1.6435220260306923e6,4428.404798563498,23783.71072803713
001YMJ-E,FRA,2015,1.15616350198122e7,18599.42643639963,7.464937839626644e6
05HG4G-E,FRA,2015,2.5132383754144225e7,42187.12555344727,109652.19027112266
005M9Z-E,FRA,2015,4.820156277513846e6,29447.858425594266,3.616361330818859e6
05H41J-E,FRA,2015,8.877882004717054e6,14158.037430406257,879343.8393595995
05HGJH-E,FRA,2015,3.8418713388830973e6,9319.643043117088,8.63619897456135e6
002X73-E,FRA,2015,9.549701938662903e6,33251.12417319066,2.247639270206086e6
05HWRW-E,FRA,2015,733077.7464977688,1878.5728764580463,85677.09133521328
05HZN9-E,FRA,2015,1.6443185254564132e6,3348.0360483296427,19367.12334567371
0011MS-E,FRA,2015,5.277321128580489e6,37841.893256014904,1.2121978233188244e6
05HFTC-E,FRA,2015,7.1540102432556255e6,20686.86693950567,2.5712166250586393e6
05HX6D-E,FRA,2015,1.3708070378448071e6,3695.7018143295295,101455.12230266332
05HHFX-E,FRA,2015,2.93817756444882e6,11082.263909670142,1.5737681785308886e6
05HK8H-E,FRA,2015,3.0345042668191325e6,12310.702682500418,4.0460311590739563e6
064R06-E,FRA,2015,1.124276695680533e6,3735.0540932816693,1.1806976685710822e6
05HYYK-E,FRA,2015,374853.6144313039,826.4581657806045,83030.83326826697
05H41M-E,FRA,2015,1.435522396622973e6,5203.751469701891,20145.701794458026
05GJN3-E,FRA,2015,1.3883531217454111e7,44122.5702249964,6.120227340556424e6
05HDYJ-E,FRA,2015,9.362848037402708e6,34724.446379475965,1.0585986571582103e7
05HDZS-E,FRA,2015,364266.4329607495,1685.463323899334,69473.65847981296
05HHCW-E,FRA,2015,2.308292947862762e7,57870.69411559587,1.4305200459181815e7
0655BR-E,FRA,2015,6.427488680614998e6,13606.672581585293,1.610775646829083e6
0024DP-E,FRA,2015,9.528514068043163e6,22654.016441332606,5.9788805999171315e6
05HFMC-E,FRA,2015,5.490501526512794e6,12985.312833801509,59515.24191565368
002KZL-E,FRA,2015,1.257479708251586e6,4931.614668022029,863691.0763781454
05HWZ3-E,FRA,2015,26174.215007311323,810.718867153937,130385.70522097162
070ZLB-E,FRA,2015,59976.35370687816,830.1483701789331,205004.3563571619
003K9V-E,FRA,2015,1.6356404349829874e6,5988.14881613607,179914.12530508288
05HDYF-E,FRA,2015,4.0155533052341323e6,14836.513853127557,7.554803801109846e6
000VF7-E,FRA,2015,4.864618446936342e6,11441.189252095977,448920.498830484
05HFMZ-E,FRA,2015,1.5493784183931968e6,5203.875036997383,1.8014502946425278e6
05ZKN9-E,FRA,2015,1.1497159894702088e7,23531.24210549845,741003.8984064384
05J2MP-E,FRA,2015,63137.53711957423,690.5853786539301,105.48060087890784
08V0XH-E,FRA,2015,324220.9005969865,854.191796971583,29342.959531694498
001H2S-E,FRA,2015,97799.07318841218,1433.1609909814943,16748.13209506161
002G6H-E,FRA,2015,565920.7280646467,7269.745342642194,120681.16067511427
05HZTV-E,FRA,2015,188398.61034211185,2114.3132648001992,130842.1520937352
001G7R-E,FRA,2015,284524.6061084297,1709.3040195495648,433246.4137589205
003PTZ-E,FRA,2015,96863.86946081102,915.1416766061122,13906.448906542586
05HZVD-E,FRA,2015,56189.12511902043,1139.960967881783,2162.53442938347
0028BD-E,FRA,2015,1.1895895720211475e6,19592.244,42911.18883720855
05FWBG-E,FRA,2015,616537.0152423286,10570.953354447262,49694.25690297525
05G3GH-E,FRA,2015,138019.69513410906,2089.215,3219.7810623584655
06GTV0-E,FRA,2015,245976.09151371696,3819.159000000001,11510.810097170921
001VPR-E,FRA,2015,1.044843018739452e7,76421.94632418547,46196.95617326905
05GNMJ-E,FRA,2015,4.015934445581829e6,26495.827999999998,5910.725381208822
05HWRV-E,FRA,2015,24798.358374703592,444.1420743597082,234.42522528021357
004175-E,FRA,2015,277078.70916625723,4080.4712843701996,8145.114170701591
05HWK3-E,FRA,2015,445777.36688803486,2495.2468904129255,5197.711351985493
05HZLW-E,FRA,2015,228859.65382143419,1388.7376071720769,8601.449501855463
000VLZ-E,GBR,2015,7.11537378520816e6,29857.4509691893,1.5070770077641332e6
002JWK-E,GBR,2015,4.725455743645758e6,14134.274098624655,1.1602862119603688e6
05HWXC-E,GBR,2015,528790.7116638592,2573.9285883394073,112364.0447080306
05HZ98-E,GBR,2015,215959.90582145154,1305.340892741822,1316.443943895802
066L2H-E,GBR,2015,1.8481695060844117e8,199984.99414104657,6.882630454336614e6
002BV8-E,GBR,2015,1.1294169289602902e7,42911.84527557041,9.459060748177676e6
004TXG-E,GBR,2015,8.590227444929875e6,21439.569683670863,61796.917041192806
05HYZC-E,GBR,2015,302029.7699053905,1145.4094662495843,2787.251732316442
05HWR3-E,GBR,2015,177447.08704108858,673.3365367153657,1654.1631752039177
05J1LN-E,GBR,2015,186640.11650541646,507.828964833337,220.05690882746126
05HG2T-E,GBR,2015,3.5233736349619855e6,9744.006069425384,3.875510236642262e6
000Z35-E,GBR,2015,1.0404054367692749e6,8949.04071226996,3.079444732214472e6
003LSR-E,GBR,2015,684570.2539585037,3105.3738194200773,4585.711244326072
007PH9-E,GBR,2015,153406.94679374745,1100.18403431861,94.68163786508276
05FT2R-E,GBR,2015,3.834985631003782e6,28093.38474487913,2.5617729636965743e6
05HXSL-E,GBR,2015,141372.4865704284,622.4693683374984,3151.542906938104
05HK0H-E,GBR,2015,5.388494050127941e6,17928.972699019963,57728.738216752325
05HWXL-E,GBR,2015,608958.548019705,2222.1500355170583,237873.44274540007
00D76C-E,GBR,2015,3.826083971154527e6,15927.121487701766,92929.71516913523
05HGT0-E,GBR,2015,3.97167236084024e6,11941.618300792368,5.720967400005732e6
003JJM-E,GBR,2015,4.017242463354466e6,5361.518892577235,2.098878446630131e7
05G5M5-E,GBR,2015,2.049647450644361e6,6703.129737884783,11723.87307611564
05HX10-E,GBR,2015,2.0536329401658955e6,8037.4174348374445,3387.0491467874976
05HXPT-E,GBR,2015,535137.6296882355,3708.989955075207,43800.50807939953
05HZ2F-E,GBR,2015,985787.2012891942,4306.501696055149,9587.567151432533
05J2W4-E,GBR,2015,323154.61275958666,1191.8991030660495,6322.006293030497
000D1T-E,GBR,2015,549367.4680859568,12166.216729085709,1.0237931612168181e6
001KKD-E,GBR,2015,410669.28845184646,914.479765288799,1212.590271849259
00288B-E,GBR,2015,3.741990875424459e6,7217.161357676214,5620.767713531917
05HWSB-E,GBR,2015,4.062780432667108e6,8317.350218461715,5.416892890930586e6
05J2CZ-E,GBR,2015,203114.8361686775,535.8475530533411,29415.725620048346
000TWC-E,GBR,2015,1.6654094679112889e7,46909.61393585872,8544.34438587151
002J79-E,GBR,2015,1.4183205050388125e6,2679.6070111419667,1191.8952119963787
0030BD-E,GBR,2015,1.453621023630139e6,13652.91094392443,694079.7787684042
003GSQ-E,GBR,2015,20717.261463781015,203.0330565334858,2653.166262368521
0065S2-E,GBR,2015,1.4169608379319701e6,7443.034969879763,11061.378257429402
07JRZL-E,GBR,2015,2.9969603037601262e6,22326.41803449026,339849.01927995076
0CJNY9-E,GBR,2015,35125.74954382451,241.92540456602157,315.6453726831906
002J95-E,GBR,2015,7.296902251840519e6,35998.99095320548,1.135253038669949e6
002118-E,GBR,2015,564307.1362904363,6413.6473558203015,673503.5892132771
003J9T-E,GBR,2015,834450.9680690536,10754.11671118376,17814.163148656797
003JV0-E,GBR,2015,115284.67668714866,1754.701143935416,5114.059357552331
0079YK-E,GBR,2015,120489.06732711215,1179.9093983604648,341.2496662593345
00CN10-E,GBR,2015,22210.812659712756,354.0940323846554,208.3804281750733
05FWJ3-E,GBR,2015,194869.42589946676,2194.6682762371524,5057.054438653091
05H4C8-E,GBR,2015,205494.4891826753,1624.1620000000003,3318.0915559629393
05HLT4-E,GBR,2015,61244.382914676986,556.0189752832191,1166.883863920984
05HM5J-E,GBR,2015,16969.83552153616,267.04815492439104,1813.2206356998768
05HWPZ-E,GBR,2015,62606.15199926006,1513.2012352073846,3009.3509832690074
05HWVT-E,GBR,2015,607987.869119266,3583.190642592049,5408.036951126159
05HWXP-E,GBR,2015,166162.52226827756,1672.4248757347525,1653.6312373874468
05HX0L-E,GBR,2015,348176.64513991174,3413.780986420606,3377.2003481748793
05HX8P-E,GBR,2015,62166.20571991657,788.8431783812475,2989.092417106165
05HYXR-E,GBR,2015,36398.328149588386,321.73179560321336,208163.18060627146
05HZMT-E,GBR,2015,8831.648434681534,246.28395190849935,295.4262147232685
05HZXC-E,GBR,2015,12118.303018999422,148.5320517823783,4326.098443757179
05J10J-E,GBR,2015,656977.7432568275,2944.768489295674,731.211447696916
05J198-E,GBR,2015,86782.44070773349,912.4758715071756,1577.589166601894
05J2PN-E,GBR,2015,134741.29534566207,770.4755063356057,10456.98830738936
05J581-E,GBR,2015,18565.005810917835,152.5268672795985,237.00611678467436
05KBJ4-E,GBR,2015,1314.4483013695483,40.40637435796489,327.40854689724637
05L69W-E,GBR,2015,874223.8642837112,4811.721504759552,3326.0937839928124
06LLS9-E,GBR,2015,11959.168617015754,175.46634137883075,1457.9710920846544
07GCWC-E,GBR,2015,42107.22512852082,677.8832037275891,2636.760852735155
05G2MG-E,GBR,2015,6.179002219708626e6,27019.783997451923,304703.0997000019
05HWQM-E,GBR,2015,56182.51691075733,1241.2967800330814,6284.523205162715
0988T6-E,GBR,2015,410038.7935375152,3518.290468528787,5851.505644732986
05J0C0-E,GBR,2015,23067.779393036442,135.19135189509632,5545.672577612563
095B5H-E,GBR,2015,10354.132729781217,98.35447126972944,82178.25552281011
0658S3-E,GBR,2015,49048.51775971334,820.2220875735102,2796.11701055063
0025VF-E,GBR,2015,248183.8805823135,2626.770604134826,456.6409004143948
005PTH-E,GBR,2015,32898.239379717976,388.3869334936442,1707.0560749053477
003KSM-E,GRC,2015,121899.69015525529,1312.1957369414336,13039.872041221148
05HJMN-E,GRC,2015,219041.68583404965,1615.631,224.52363192028074
003L1W-E,HKG,2015,8.688247906149914e6,2681.228044514144,13576.201003210403
05HWFT-E,HKG,2015,7.7827784622443905e6,10921.334296201332,5145.410275305397
0DHBSN-E,HKG,2015,2.2468695779233295e6,1157.510512300557,286072.2212229385
0CLCCP-E,IND,2015,5.203048980161063e6,5212.976438541914,961351.9701994082
05J0CK-E,IND,2015,1.2097950830782067e6,1926.434191564337,126749.73907778003
05J20N-E,IND,2015,517940.04955223796,432.8434805918506,124502.34504050785
05LYCN-E,IND,2015,2.0737493170056846e7,12299.05109717749,4.854057134672812e6
003QDR-E,IND,2015,9.972252399751695e6,5339.432327869756,1647.8557983688472
003KJ3-E,IND,2015,9.053529547780937e7,66674.92469832253,89486.51511284472
05J289-E,IND,2015,2.2953757332889214e6,1539.6450051984862,77672.4523381353
05K476-E,IND,2015,1.1967527253685053e6,1057.2908886478085,14615.63224399281
0037C0-E,IND,2015,1.094261515768424e6,1552.222887805479,151692.84062288408
05HZ5F-E,IND,2015,1.3357439940001876e6,1460.1877609154621,1.3161912654132936e6
05HZC9-E,IND,2015,2.0716866881014379e6,1649.6999970284246,119922.02296679678
05M21L-E,IND,2015,99788.0025627896,305.2250457494098,144400.47879048865
05HXPL-E,IND,2015,1.111094056826875e7,8393.478952267607,129557.61740590735
003K9R-E,IND,2015,1.4419776765626625e6,1244.4681574313738,488.8792168009614
003DZY-E,IND,2015,1.2591462796703428e6,661.5850663140968,819.3388242193945
05J27F-E,IND,2015,1.7771365114344095e6,1745.4191186962562,385.93292935436506
05JF9R-E,IND,2015,728640.3001112351,220.30000125329855,165.03051500965722
05LBFM-E,IND,2015,5.03776159087302e6,11021.115861511915,256200.3977093791
002C0D-E,IND,2015,1.352902514446743e6,7000.632968690204,105022.75775853566
06JLTG-E,IND,2015,1.0100946040287924e6,2900.568860985879,33124.107745012865
05K4XN-E,IND,2015,158735.654889263,104.28302325609356,578.8211609274374
009310-E,IRL,2015,1.3668188465860442e6,4844.399434025723,304712.4281059727
00B7VX-E,IRL,2015,699585.813040111,4789.8899853888515,153417.31766849515
05HGDN-E,IRL,2015,1.4202324892889212e6,5412.955295910872,147412.8911079524
00C5YS-E,IRL,2015,4.328752614207811e6,21538.84091794697,230511.6012660263
05HZQY-E,IRL,2015,541153.3179977358,2442.4897480426857,107.51940038787411
003B3F-E,ISR,2015,1.9569996654046448e6,3973.0822685338203,28855.944688916756
00115K-E,ISR,2015,2.917358997398603e6,13376.243089318345,109772.22592815231
05DZHK-E,ITA,2015,6.623971521516666e6,56612.327874595496,3.0647175958398157e6
000JP9-E,ITA,2015,2.4077201358665954e6,10237.653235060547,147149.80928966633
05HQ2V-E,ITA,2015,552689.5401347732,1615.5769776468635,5.553412649750379e6
0031L0-E,ITA,2015,1.6921696362856954e7,48961.98367899608,1.9478692100834474e6
05HGSK-E,ITA,2015,2.65025364852564e6,3150.280194494529,5496.4792212807115
05HHXZ-E,ITA,2015,256812.0536209747,868.5742648583384,701.0895436483281
05HWFH-E,ITA,2015,903123.803017137,3739.150024108801,178892.86831498856
071XK1-E,ITA,2015,4.311402507064459e6,5944.282701080023,488627.7948935737
09W4PM-E,ITA,2015,4.271289295520457e6,4391.21418760513,241.15610434479856
05MQTF-E,ITA,2015,19842.870077720283,151.13427979698355,35394.10771057412
002111-E,ITA,2015,1.7297652949511032e6,12511.737969902724,4.321522571621555e6
003FNP-E,ITA,2015,852087.0317550625,8806.812,15647.987059864223
05G1SW-E,ITA,2015,1.0587686765777335e7,73558.20752573984,21382.758742914913
05HDYG-E,ITA,2015,342843.2651609158,3563.444343796917,86441.56172234708
05HZTP-E,ITA,2015,57583.87634508051,405.0170111622737,1786.398009523476
05L6HL-E,ITA,2015,186771.49755683253,1010.6699055222568,349133.02518948057
06QC6V-E,ITA,2015,40165.391711480755,613.3969999999999,390.4920773205496
05HJD8-E,JPN,2015,3.889804413459995e6,6141.784342531254,65917.78607341027
05HX6H-E,JPN,2015,1.779375790015194e6,2551.724697579419,533521.4800984813
05HWC1-E,JPN,2015,3.968033155828636e6,7282.372981969867,1.1902701863224574e6
05HWDP-E,JPN,2015,805050.1430599006,2156.9227143704416,86117.75398504068
05HWDG-E,JPN,2015,4.24897882378017e6,6451.689147062419,554042.7760657849
05HXDH-E,JPN,2015,1.0379217948665875e6,1752.8303985206262,17209.765828216685
05HWH8-E,JPN,2015,2.6075484912477024e6,4652.727863775027,590235.6159257949
05HZX8-E,JPN,2015,3.092689652997684e6,5644.80304603152,1366.506784654044
001NDC-E,JPN,2015,72784.23863879952,1186.2453075329647,253610.0319956962
001RJ7-E,JPN,2015,1.0680709515484603e7,31705.606814290597,5.424807991224074e6
05HT4M-E,JPN,2015,937577.098679631,2247.6682457996367,325261.9099859097
05HX1B-E,JPN,2015,1.3624441838486327e6,1884.0618827076078,393437.73009128036
05HWBT-E,JPN,2015,2.4745929735216317e6,5297.257566344431,1.061684632656888e6
05HWLL-E,JPN,2015,1.442424830412219e6,2715.8463057033478,602487.8780226199
05HWL9-E,JPN,2015,1.3454341820389533e6,1838.4255362148606,346987.336009278
05HWN9-E,JPN,2015,1.534447522280982e6,2013.8733930297433,35339.12125015997
05J3B4-E,JPN,2015,92229.4318988043,236.24277051901305,80035.4232657404
05HWS2-E,JPN,2015,1.4050677701151688e6,1994.4493032858863,41407.127184121266
05HWF7-E,JPN,2015,4.123863080815055e6,7752.039856764146,321061.9466750827
05HWV5-E,JPN,2015,1.1023858802340652e6,2886.5283115181364,434143.7580766104
003JNC-E,JPN,2015,994950.7802775243,2700.7636524373956,15252.864329385051
05HWBL-E,JPN,2015,3.9102976969450912e6,6530.960594624019,58375.50874158576
05HWGY-E,JPN,2015,381757.5098968162,1151.9382399982949,1625.6455721978389
05J041-E,JPN,2015,402075.9356978014,912.6863388335395,1795.9868172025351
062SS6-E,JPN,2015,2.2328414639291535e6,5383.429272343556,246406.161864806
002KZY-E,JPN,2015,1.679558381580246e6,3312.546126601261,495942.4637043384
05HWM5-E,JPN,2015,4.923334861020456e6,6157.315833431709,11329.663078903108
05HWRF-E,JPN,2015,1.053510650592735e6,2270.8729322867584,61497.50110809021
05HWVD-E,JPN,2015,2.7109572149821795e6,3230.245960384892,325497.6101627674
05HWW7-E,JPN,2015,408422.68618698453,1251.6025487580953,48775.01264977859
002MQ1-E,JPN,2015,3.2982761516590836e6,5895.789238238837,1.0764539024950701e6
05HNPP-E,JPN,2015,1.1434238113611875e7,26712.18904723506,3.733318750392234e6
05HWXV-E,JPN,2015,1.3045147571855844e6,2715.0668824689274,191690.201783499
05HWN4-E,JPN,2015,2.5823276228693803e6,6056.304468690078,875046.6375246283
05HWLM-E,JPN,2015,1.9877773168416987e6,3751.677369538512,2.1286894733411125e6
05HWV9-E,JPN,2015,1.963389307476091e6,2811.32234845742,1.5085144452484685e6
003LT3-E,JPN,2015,1.0622211050628284e6,2216.58850881112,66142.06557073038
05FLZC-E,JPN,2015,5.264388508726353e6,9446.64798264944,4.477399714944241e6
003JW8-E,JPN,2015,1.3581428317595873e7,26698.676366754822,4.690495115251443e6
05HYZ6-E,JPN,2015,634966.9425443194,1598.7215551929226,52140.60021313389
05HZ0Z-E,JPN,2015,513164.74523400114,1453.6577656309437,107777.95749854995
05HZMS-E,JPN,2015,82486.74166419814,144.07357264826436,24266.828219913103
06CW0V-E,JPN,2015,2.755004912225444e6,5285.972612764417,295546.1892282694
05HZY1-E,JPN,2015,1.5410461982432466e6,3031.7116667543364,907807.448439893
05HWZY-E,JPN,2015,1.271416391932894e6,3385.0272296820644,27327.805392549042
05HWWV-E,JPN,2015,204492.34185115588,962.8697782240213,1500.5371375273774
003QTP-E,JPN,2015,436226.3135426829,1004.4431411218153,39.20291541228664
05HWCG-E,JPN,2015,1.9880477286641826e6,4937.695279638357,181979.4382181259
05HWSF-E,JPN,2015,880448.9267812714,3224.5298630731672,237111.45131228663
00337J-E,JPN,2015,3.3328193609705307e6,7497.373471144476,386222.99794387614
05HZ23-E,JPN,2015,309514.2929091167,1163.223464290721,63162.59779168533
05HWH2-E,JPN,2015,1.8934773311006965e6,4839.3015763757285,3.7398451074696206e6
05HWJV-E,JPN,2015,851606.669464062,2407.6839337621977,3540.5901253440047
001CJR-E,JPN,2015,7.364656234559035e6,17300.44821994873,2.4889232929805648e6
05HWBV-E,JPN,2015,2.661801058633389e6,7325.6583299993845,1.276196748212748e6
05HWBS-E,JPN,2015,784203.7848099594,2607.3142044022516,405639.4694868268
05HWCQ-E,JPN,2015,1.0198778156058826e7,22246.70353657951,2.8049235808458813e6
05HXH8-E,JPN,2015,172961.5025374646,407.93410172721855,75601.42953270968
001NL0-E,JPN,2015,1.1334834702378993e6,2280.2309896321012,394544.06172322744
002RPP-E,JPN,2015,3.381440709593201e6,15329.936190339864,1.223980736061039e6
001R4R-E,JPN,2015,4.39169597434183e6,16757.20432063759,919989.0022769734
003K89-E,JPN,2015,3.185951508906842e7,96610.32054020948,1.4403465992723888e7
05HWJ0-E,JPN,2015,1.0690764628038947e7,21401.0151109973,472174.7972635796
003SWG-E,JPN,2015,5.33729000896737e6,10251.683343728946,2.2158095958246547e6
05HWC5-E,JPN,2015,9.4251295848556e6,20101.280492332582,2.5680806613713205e6
05HWKB-E,JPN,2015,3.210714822193295e6,9704.931894897254,474442.718221643
05HWKQ-E,JPN,2015,4.935173639803481e6,11716.720671415329,1.2958770818851518e6
05HWMG-E,JPN,2015,4.379663523823254e6,10506.620830046737,1.3572787894032097e6
05HWMM-E,JPN,2015,1.4117309498352418e6,5192.795591143394,323473.0688516868
05HWNR-E,JPN,2015,4.225741465395936e6,10294.595108798754,392099.7731377005
05HX4Y-E,JPN,2015,128081.5488527795,788.021552573377,41703.16589228565
05HXDQ-E,JPN,2015,1.929460081954004e6,5763.224870760561,1.1177564154214233e6
05HWG0-E,JPN,2015,2.3811744991997443e6,8978.986164231232,3.0812622481278097e6
05FQ8F-E,JPN,2015,8.393695767918333e7,51144.514015208464,3.2326903217624812e6
05HWF9-E,JPN,2015,1.4034813180724986e7,9389.449158160585,2.856939087750675e6
05HWDF-E,JPN,2015,1.9450622088699624e7,15162.32910703342,1.2436446670015275e7
05HWCF-E,JPN,2015,539890.1270749953,3038.526087819823,209666.12801146574
05HYYX-E,JPN,2015,28286.55730889112,1111.6290090507757,669398.8990401308
05J42W-E,JPN,2015,257218.11751250987,1216.8715290542673,6159.041543607012
002TG2-E,JPN,2015,3.8391368717692834e6,31976.19849130619,995600.946611312
05GPKS-E,JPN,2015,7.923815154175535e6,35971.32164663142,3.9750166202775063e6
05HWCT-E,JPN,2015,43619.097353511446,201.8145570182034,141.83631609858185
05HWHD-E,JPN,2015,445045.6401063085,2678.1379572411033,59330.595684046544
05HWCY-E,JPN,2015,924769.6668105616,7789.417337044409,832279.3614487548
05HWGS-E,JPN,2015,7.082806839503268e6,10431.044197098741,405825.8687263082
05SRYP-E,JPN,2015,166124.26114754035,1197.9086480583187,306205.1665530719
05HWKV-E,JPN,2015,9.015887380403183e6,10372.132378697399,1.376658547771871e6
05HXRN-E,JPN,2015,6.452885362150809e6,8634.34959168758,772883.1846687461
05HWC7-E,JPN,2015,1.096756575862515e6,6826.159043428099,762291.5180416598
05HWDZ-E,JPN,2015,441745.92557272495,2887.4363786485555,49067.31541675696
003M5F-E,KOR,2015,1.730792083103109e7,15258.227,472034.10470185755
001YDC-E,KOR,2015,3.0740162886407062e7,22640.732836688963,1.7490638046329338e6
09X8GB-E,KOR,2015,5.57983489620771e6,9194.336,99383.66444421481
05HWGV-E,KOR,2015,240162.0816423593,1062.708300076619,7332.650768197
05HWK4-E,KOR,2015,3.831542368156884e6,15445.171,5250.971486642296
05H85D-E,LUX,2015,122389.81063577694,1870.2332418824826,6093.669508813721
00B49F-E,MEX,2015,85005.7466285059,224.43715545440557,123455.9204546975
003Q6N-E,MEX,2015,1.2362526918987822e7,22836.01334500449,1.0571183112578085e6
003J84-E,NLD,2015,1.1204211093505958e7,16446.96810067518,4.447825766509775e6
00308C-E,NLD,2015,4.769575645425893e6,6408.387066833745,2.645346770896686e6
05HZ34-E,NLD,2015,291164.093021973,318.34463595408255,18554.31294663451
000TCK-E,NLD,2015,4.076233490181782e6,18340.20209765393,3.386437972715937e6
05J1B6-E,NLD,2015,3.526847621556948e6,6629.98347316114,1.9763908945699383e6
0BP9CQ-E,NLD,2015,4.6038172525787465e6,5888.775469580516,1.0182265292775921e6
063Q6G-E,NLD,2015,250724.19341110656,3164.172949838494,141954.8759556954
06B2GP-E,NLD,2015,337508.81230908656,2453.972443547792,152065.96768789963
003K16-E,NLD,2015,1.0759918129687672e6,6880.105210750506,237044.37365161226
001RVZ-E,NLD,2015,960184.0277280409,11066.418026729072,11724.20218326925
05HZZZ-E,NLD,2015,3020.8865080042706,37.193,49.40700596303617
00FH6Y-E,NLD,2015,295207.1878912278,1467.667793011167,5478.325166298206
05H9FH-E,NLD,2015,4.48917319609199e6,16409.78733722907,4591.523315292335
05HXF4-E,NLD,2015,13295.541587267497,190.8288037238353,2603.3485169995483
05J1H4-E,NLD,2015,275084.8818073138,2752.556880996112,15602.15018175854
05J03W-E,NOR,2015,865526.3159374765,2609.0350745629885,6163.45045932932
05K63M-E,NOR,2015,364957.75845665624,1263.7717233768017,1887.0273352502854
05HXQY-E,NOR,2015,188077.63102042006,1362.0019352708437,30413.312343862654
05JLV0-E,NOR,2015,31399.931369577072,130.4761965793322,13174.182700436362
05HHB3-E,NOR,2015,114434.05487089657,532.0199737613962,1015.4927262168485
05HZT2-E,NOR,2015,249863.246195601,1050.0963994557917,11506.482564077161
05HZMC-E,NOR,2015,79483.75882785606,289.2572447639524,408.703432925538
05J1BP-E,NOR,2015,800352.9703441714,2614.6005480710423,6900.826892795806
003J37-E,NOR,2015,14720.660326419344,61.94767517676415,21493.860606797
05J1V2-E,NOR,2015,71031.23263648254,363.76795778973917,47502.32606871133
09XH4X-E,NOR,2015,71551.70831268006,858.4197143744101,2990.73995811933
003K5P-E,NOR,2015,1.099818322887544e6,9842.750767771964,6546.712849819933
05J2QD-E,NOR,2015,626599.3548860623,2604.4566439520218,2893.9733721766083
06G7R5-E,NOR,2015,2938.7766192437703,85.52991636784759,1715.16555154832
05KB5L-E,PRT,2015,1.2300977253411397e7,13106.07746302947,166145.7201920684
05HH9S-E,PRT,2015,9.840199662056968e6,6099.863664565128,4.286757214136088e6
06PHWQ-E,PRT,2015,665299.9102209574,755.2421252235335,334.5031396800112
05HZ0L-E,PRT,2015,6.130694319472202e6,11363.434532384113,7908.37811784629
05KVVP-E,PRT,2015,86233.45666289616,640.9330198130658,3385.751066417726
05J6ZZ-E,PRT,2015,775607.9255251202,3491.62677857551,5184.301004417721
05HWJT-E,SGP,2015,1.1457412643908034e6,3353.029122567347,4114.764470006187
003LXT-E,SGP,2015,290019.1455736011,1606.6144548757275,544.3121361524967
003L05-E,SWE,2015,141414.46743042182,574.9609905954403,7670.399138315434
05HFMB-E,SWE,2015,2.888934342976556e6,15627.358314919209,9.6873466328311e6
003JQN-E,SWE,2015,3.506563628460315e6,10229.211267660965,144216.64645468892
05JY70-E,SWE,2015,234114.8380506642,962.4582674851588,224.57062727331075
0CMBQR-E,SWE,2015,693387.1654089179,1763.956856535648,212053.3021186583
05J59X-E,SWE,2015,364416.54435771896,1768.2222096122691,5933.043792194698
0011BD-E,SWE,2015,3.4312372739819405e6,20676.41334513175,1.3899101316836998e6
05HHFZ-E,SWE,2015,2.9356330124151227e6,10757.452764019228,1.5791118617305795e6
0033BD-E,SWE,2015,345525.01281315985,2034.552221828958,14099.221791980752
05JLR1-E,SWE,2015,956661.4389940266,3291.539220915834,33853.76932415967
05HXMJ-E,SWE,2015,813147.343261172,2681.814027120999,6198.445406023602
05J4TH-E,SWE,2015,93770.87639451362,929.0872688899927,2957.132455689805
05HY7L-E,SWE,2015,372438.9605987775,1297.123586164447,5147.2969368793065
05HZLZ-E,SWE,2015,1.867616214499598e6,5807.606348242166,4796.266080351026
05HZW8-E,SWE,2015,1.2531258604790354e6,4159.141281985904,68500.20979586357
002TQG-E,SWE,2015,1.0797816668879695e6,8309.700818836804,5258.110999032744
05HZ2K-E,SWE,2015,165752.23422825488,693.2581589438739,10887.814099278059
05HXCC-E,SWE,2015,1.9934172474435477e6,3345.1040202249615,106.55385138785873
003J8W-E,SWE,2015,235423.47262899316,1315.4860535497196,4613.931204970117
003QPZ-E,SWE,2015,491305.17249347235,3885.0579999999995,7327.534331456875
05G6HM-E,SWE,2015,483638.34469860815,4887.333,6886.4541178019535
05G6QB-E,SWE,2015,559445.4421154622,4501.8240000000005,931.8561024883604
05HQGY-E,SWE,2015,1143.5491234696367,303.5868041414285,15.656529891964954
003NVP-E,SWE,2015,29418.035607142367,314.3543210491439,676.74292146377
05HLG7-E,SWE,2015,453401.2334300515,1784.5642736101718,41149.85566046852
05HJCV-E,SWE,2015,745809.7855481633,5679.099138678401,13427.959452838082
002DG3-E,SWE,2015,242664.55043793056,6614.221103827991,22619.26350628533
068SSB-E,TUR,2015,1.234051427985558e6,1846.1308550091503,5133.993355489372
05JG97-E,TUR,2015,45920.112847162585,86.81357355296932,274.4536258081372
05J2PQ-E,TUR,2015,360171.02537704003,593.2731739695072,2468.1422142933898
05J2TX-E,TUR,2015,244480.99258853905,407.8297411758311,29236.650904521564
061S53-E,TUR,2015,285782.969332192,535.0856731572874,10033.970600238368
05J2WY-E,TUR,2015,558596.6579156899,915.4649602041492,46869.087582218504
05HZCC-E,TUR,2015,3.8772752800012357e6,3348.023603077895,261738.73337472693
05J0DM-E,TUR,2015,1.6242809581957017e6,580.5089469682755,161.43868506125452
05KM47-E,TUR,2015,234788.5856975899,174.58723375969532,314.37703343983065
07NWS4-E,TUR,2015,1.441117715238905e6,2625.4978570930516,57764.19398242066
05JD2P-E,TUR,2015,60795.41209773156,243.949,501.54407766542505
0614RM-E,TUR,2015,225886.94808434462,972.9916345348948,989.6645087017953
06P6MQ-E,TUR,2015,196903.97650126755,964.4464470808412,36950.80465532625
05W3SN-E,TWN,2015,3.264112383121307e7,19784.114659507875,1.1641205209102015e8
05HWFR-E,TWN,2015,8.336696429234375e6,5052.149846352312,6.551205317856703e6
001KR6-E,TWN,2015,1.758167232241242e6,4024.431000000001,2.998858090680499e6
001Y70-E,TWN,2015,6.653801182786683e6,26423.479,3.4297408856398836e6
05HWHG-E,TWN,2015,5.748287715888077e6,10173.095999999998,394057.47482652025
05HX62-E,TWN,2015,2.212481254634763e6,3926.2876037217943,24244.949203343454
05J3PK-E,TWN,2015,121475.1356031261,240.257,100.17503195952112
05HX5Y-E,TWN,2015,364760.0562330282,562.914,620.4759205311808
06J37R-E,TWN,2015,38683.33491125074,67.76286217586048,690444.8442750385
06M9PG-E,TWN,2015,190049.90540375843,277.3023396241008,823.0263527300789
05HWF0-E,TWN,2015,1.6048226817662003e7,30572.190721825238,126274.2703333992
05W8F4-E,TWN,2015,1.1691809413839106e7,17775.43,4.313411179129641e8
05HWK8-E,TWN,2015,1.5097665379629936e6,2792.658,69133.06735989088
05HXC8-E,TWN,2015,800267.614868468,1501.5571053867886,684249.3549343883
000L92-E,USA,2015,746515.1082650963,2498.569866035643,59636.93456601295
003108-E,USA,2015,3.826143422910569e6,10781.947450979871,200407.3432393285
000T99-E,USA,2015,8.128927757409176e6,44893.161546424206,2.072981907014079e7
000BVL-E,USA,2015,2.498035818616438e6,5391.87878761421,8336.449120090685
000C49-E,USA,2015,1.432592127454381e6,7572.682093235651,11203.32512751544
000RC9-E,USA,2015,792166.7557730788,2472.4965567676372,13470.101114833937
003GNF-E,USA,2015,1.0452596939582061e7,18805.761684649016,636627.4422663606
000R9Z-E,USA,2015,1.360256110757696e6,6279.962499920167,7857.22833632273
000KLW-E,USA,2015,824426.9208411911,2466.663469980579,66902.50304585494
000LDD-E,USA,2015,4.048901632841714e6,19202.271155468145,135507.7974420962
0DRJN7-E,USA,2015,125548.1748875191,613.159645612596,13238.452570433574
000HZY-E,USA,2015,2.7108101107469704e6,18167.459872979525,210337.58105469888
000YMS-E,USA,2015,6.163099602848313e7,270756.15856906207,6.196117640201179e6
0013YQ-E,USA,2015,6.384067957973571e6,13193.225582967849,9052.363415018193
002Q2X-E,USA,2015,5.955846791422505e6,29162.247408989777,4.300994164379911e6
00650X-E,USA,2015,88588.41974640402,461.38160563361635,1407.7588360868215
06KGBG-E,USA,2015,305946.45433430065,350.6193798124645,280149.63901491096
000N7V-E,USA,2015,2.650466829107373e6,9550.697440177608,9752.379985717538
002RNG-E,USA,2015,1.0192093919101715e7,22393.64596751146,5.113622176398133e6
000NH1-E,USA,2015,5.269351143791872e6,10118.833975936759,2.6601162635544343e6
000F36-E,USA,2015,4.095452275577157e6,10421.387873155207,20273.46573073494
000KYW-E,USA,2015,6.107284321262251e6,12927.165843412158,4.096475048361355e6
000LNJ-E,USA,2015,2.78202729622222e6,5526.361710634963,2503.724974281102
000D8R-E,USA,2015,1.1962976793368708e6,2690.670690521951,2262.4977518703986
00BGRV-E,USA,2015,959098.4100430376,2992.7807519809417,32590.364115034867
0015Q5-E,USA,2015,3.4643599210630767e6,6611.536938259471,5276.936801237384
000WW4-E,USA,2015,2.1646666188249015e6,13979.508428906718,2.4626917016720898e6
000DWY-E,USA,2015,1.2842547572027279e7,33138.90071202537,2.8623692505754225e7
0019JD-E,USA,2015,1.8648709093231151e6,7184.55916236013,5.34471320432557e6
000Q29-E,USA,2015,3.045418492356714e6,22336.059983301224,4.1107174064542647e6
000N0V-E,USA,2015,183941.4161808615,749.5515980505681,2270.658862622409
003ZXF-E,USA,2015,1.2542471450308047e6,8663.849916117944,5462.776059090524
000NVS-E,USA,2015,79449.50814710901,10872.16168464913,6.21159293853591e6
0089PB-E,USA,2015,336000.15967577184,4356.504171871303,322354.5454933444
000N29-E,USA,2015,3.8108083318443364e6,16799.8829522854,365752.7679476661
008QMK-E,USA,2015,744642.5766864109,3847.2371385525275,1.565488233522277e6
000CGC-E,USA,2015,1.4434018513757542e6,4450.196296521695,1955.2767412372118
000TRY-E,USA,2015,1.0278290528046582e7,51555.822488480575,4.307510108540683e6
06KNS6-E,USA,2015,156572.86870628042,3869.1754463296525,4.0763656483572307e6
000BN8-E,USA,2015,1.214644006979167e6,7062.499930090616,3.979434402527766e6
000DQG-E,USA,2015,565874.2664972898,2539.8460319046308,662.7709986673974
000HXM-E,USA,2015,863641.5195845964,3628.2127957051257,6.666654664565551e6
00172R-E,USA,2015,2.6059290716027273e6,8222.728943154705,540230.9834799059
000PQC-E,USA,2015,4.342822045919899e6,28539.181375064734,2.054038286908984e6
000BG2-E,USA,2015,2.693311133289624e6,13496.701255556713,3.565257643492937e6
000C35-E,USA,2015,1.7019564517083517e6,15087.496633426948,53020.90943532707
000D1R-E,USA,2015,2.3272476497767786e6,12346.282586829053,5.8149201667647906e7
000DGZ-E,USA,2015,1.1590435990548907e6,6593.359933000709,3786.325963420944
000P56-E,USA,2015,1.643282669056429e6,14231.315739399588,121781.79746550941
000TBT-E,USA,2015,3.7013286105971173e6,34825.72274858634,2.117740686950389e6
000VC1-E,USA,2015,416131.72823090345,3190.6256874070477,219719.9276514505
00167Y-E,USA,2015,940397.0649968178,7583.873104838085,150409.7003196456
00DYYX-E,USA,2015,2.7251436270793253e6,16111.719593674328,80875.66952688969
000PHP-E,USA,2015,1.7415522938540408e6,5139.985264428672,3045.3720386032305
000WF5-E,USA,2015,1.6038316579759936e6,8595.938358896645,3250.466628621979
000KT8-E,USA,2015,325169.4841234488,898.5598201617922,10111.415501187657
000DV5-E,USA,2015,1.1897682594033747e6,4258.316513614667,6659.187434993649
000DXS-E,USA,2015,1.4450322280803863e6,10341.036836628315,4.67972691456447e6
000N1Z-E,USA,2015,703403.5834886058,2261.8223710815737,730329.7761757234
000NYZ-E,USA,2015,1.5251609377741737e6,4276.12888986326,25850.490003660365
000VWG-E,USA,2015,876919.7077846976,3528.17682008131,6334.471524938208
000C80-E,USA,2015,400394.7181189647,1618.5796612396448,167262.0221212961
000L54-E,USA,2015,1.760765483892335e6,11508.15702618195,6.641975905387907e6
000Z0L-E,USA,2015,1.084577217687815e6,2084.733613164333,1275.4945272744649
000KS2-E,USA,2015,2.9183480285440357e6,2881.403441303748,158541.45329997278
0C4770-E,USA,2015,763874.7916996598,2551.7010354139625,4422.872211540023
000T4W-E,USA,2015,2.4297539734347705e6,8390.911629394512,9844.967450942977
000CJY-E,USA,2015,1.4336835519577786e6,5591.4594246313,2.2848671210992066e6
088S35-E,USA,2015,1.866034275492582e6,7815.758948577125,1.0388113803596544e6
000FMM-E,USA,2015,5.068947030065777e6,17306.58848102947,148415.30022525546
000C7R-E,USA,2015,1.6023067799190488e6,7032.221581753214,3884.6211657291387
0019PR-E,USA,2015,474738.92458911054,2271.712312949623,11785.439301025188
000XNB-E,USA,2015,125211.86648128588,488.39054881949835,40556.98664266283
00375R-E,USA,2015,801978.9442152071,4136.169324882678,20136.674112079592
000FFW-E,USA,2015,2.9258789957580394e6,13752.01963267945,2.2021926133936313e6
002FQ7-E,USA,2015,292812.5407459003,1343.630223905677,637808.7227088815
000MZR-E,USA,2015,66775.11699158627,468.6617438922516,0.6344677292386273
000BK7-E,USA,2015,307222.5235240371,2792.3435020900624,258991.77588255552
000C7F-E,USA,2015,2.1812021066503093e7,126440.94695813824,1.4005115408334324e7
000Q07-E,USA,2015,5.870117133276718e6,66318.53463518551,5.129511363617954e6
000SY8-E,USA,2015,4.385786686271275e6,28051.55193471125,202277.0076739242
00208X-E,USA,2015,323788.3101495496,3337.9133605645948,45544.14170823382
000YTL-E,USA,2015,586044.6297909712,9392.353724593871,53189.60606264158
0016MB-E,USA,2015,802833.5004897922,4198.157477032575,116965.7037665221
0758Z9-E,USA,2015,489823.42278676503,2300.561745303424,26261.53638660834
000DS6-E,USA,2015,7.544815468885601e6,36735.34213593687,1.1581065106277477e6
000N01-E,USA,2015,3.894893272725589e6,37765.911613700606,417348.54682200257
000V67-E,USA,2015,1.1982518801555997e6,16259.792237634154,59224.939913651404
000XNY-E,USA,2015,510853.2812164292,7794.9800663691885,17650.642895217195
000LGX-E,USA,2015,1.1734722028469737e6,4460.764928248741,7919.014294663433
0BC4VB-E,USA,2015,393459.23728505726,2567.7670424806256,12978.539621678461
000CYC-E,USA,2015,1.162823041330934e7,67312.64441711608,75671.69101215583
000HWL-E,USA,2015,1.5775884878566344e6,6714.892431818892,1.039576236577466e6
000P7N-E,USA,2015,7.01221277755892e6,32975.921592047576,518217.9844631531
001FR9-E,USA,2015,202802.57328562444,1758.738674426144,11082.73476691728
002X87-E,USA,2015,465631.82428913703,2170.307998092302,2551.0025133675854
0034R9-E,USA,2015,3.251495558456859e6,20061.648050161522,547890.6470728476
000XNK-E,USA,2015,144825.17077999297,947.8191077727995,3574.009215326029
006DPK-E,USA,2015,67733.95465192787,458.0977432342814,14469.185668646263
008FJT-E,USA,2015,171863.15002247185,2500.0069113718564,43563.10709145621
000CPS-E,USA,2015,1.6435609394669854e6,8373.706828627508,53064.7626749204
000PP9-E,USA,2015,98335.51303663335,1280.587639158793,21521.433280970643
002J5D-E,USA,2015,204185.17689820786,2041.309468049858,140352.3837805043
0FRZ52-E,USA,2015,434417.563192934,2036.1071542972788,5523.160500566612
000V98-E,USA,2015,2.7770415593479685e6,17094.361228739755,123960.19328485611
002LV5-E,USA,2015,358358.3999549332,2875.2759724132716,25973.187582928567
0011S2-E,USA,2015,170282.1222221193,1534.2111030097255,15201.199304294765
002P6D-E,USA,2015,210763.0230013093,1582.6244508865266,6635.6358873587005
000BJT-E,USA,2015,800082.5623333931,3618.251470341634,58058.146651770454
000N1N-E,USA,2015,8.990054205410345e6,58939.265955487725,293321.93317680876
0011HX-E,USA,2015,390696.5516661847,3442.7981848983054,26007.915463937392
000KN2-E,USA,2015,2.5214460376252685e7,105336.21792544692,9.958326696219696e6
0801VG-E,USA,2015,2.8133107141639963e7,107929.13450163661,1.736891266630713e7
000CZ5-E,USA,2015,2.0584038237720157e6,5604.382082489267,26386.1669545461
001VRS-E,USA,2015,618579.2947652892,2078.2310736079403,1.436005301545474e7
000DCC-E,USA,2015,1.756019370968587e7,84576.57954808067,8036.367683094834
000LJT-E,USA,2015,256530.27275772853,3365.5630303331113,247216.28606435077
000L76-E,USA,2015,390273.6961582226,5852.316314370435,163249.91303761487
0018WT-E,USA,2015,5.848774128284904e6,31036.699251709684,14124.03341480549
000RBW-E,USA,2015,2.5644934968452887e6,24298.194143613746,401040.893408476
0024V8-E,USA,2015,406333.1098328875,4592.911210048779,14472.599619932504
000P9L-E,USA,2015,6.998245931157508e6,48803.85935248596,5998.18070154972
000NX1-E,USA,2015,2.239824804698716e6,16869.00271257257,7890.765015988304
001HHK-E,USA,2015,1.9361751515010774e7,145029.8986188585,27411.941271688134
000KWJ-E,USA,2015,394862.5293408046,4441.787677328081,956306.5726652155
000P59-E,USA,2015,1.0798890024671431e6,8695.894185191595,399005.1880337564
000RD1-E,USA,2015,1.8985008957570286e6,13192.80651629448,17744.3064104838
000LR9-E,USA,2015,9.399506468796253e6,63427.73942361573,1.166750569549796e6
000XRR-E,USA,2015,5.629259471727324e6,23392.413106808424,7187.503332246294
002RXT-E,USA,2015,1.0363897541437756e7,67712.24463027186,11837.580394233024
000HLG-E,USA,2015,5.385348138019271e6,39951.79490696052,32488.977039456608
000HH2-E,USA,2015,2.31624076791709e7,35444.56521252478,7.7564541175496625e6
000WR8-E,USA,2015,7.496324787876835e6,15429.293878033786,59893.6649618194
000Y4G-E,USA,2015,1.2486362502538359e7,44992.49254940324,6.31660459526958e6
000Y1Z-E,USA,2015,3.272763954912076e6,16874.60092387427,546858.1550669762
003GTW-E,USA,2015,4.547491131645617e6,13097.370935602745,15631.617957300054
000JF5-E,USA,2015,3.136339936077337e6,4653.336396892161,102142.21080540506
006C9Y-E,USA,2015,1.3950650011458737e6,8351.15693759665,17943.468982647493
06GPGV-E,USA,2015,2.067110061005505e6,3439.8019651772547,260808.46872144163
000TH5-E,USA,2015,336089.5016656548,2697.2239044171424,8898.404415444043
000CFP-E,USA,2015,375847.19822956383,1726.2441457012342,28275.864556008655
000CFX-E,USA,2015,1.9756674216104464e6,8887.328230557327,45502.369952478904
000F2F-E,USA,2015,212939.6689603166,2793.959053136738,12876.177884613919
002171-E,USA,2015,911753.7321305367,6432.697344453965,83866.0324794311
002M0S-E,USA,2015,78759.7362864615,1541.0835461425245,46113.16181022152
006VQS-E,USA,2015,197480.3431968509,1614.7537952005794,7347.899240949991
05WNR8-E,USA,2015,554598.8903034788,4612.338755479706,31641.253422778736
002SX7-E,USA,2015,1.5381126338329453e6,9400.211720401605,53354.70319829009
06BZ3S-E,USA,2015,1.763563218088897e6,10243.191370838831,17124.5306552718
061DW8-E,USA,2015,1.826366047353242e6,13737.511976940821,10881.10184222514
09SD1S-E,USA,2015,1.4989629824048197e6,14793.51537431306,4094.2574092522914
0D7N1X-E,USA,2015,4.788586431519206e6,27358.88147882816,124113.33121078166
000Y2H-E,USA,2015,341663.4591807848,2243.454628518729,6679.305833870909
0014V8-E,USA,2015,184540.63969578693,999.5528161499861,398493.8990164656
0021JW-E,USA,2015,1.2131736661188956e6,9324.579103702243,66749.98152784674
002RBQ-E,USA,2015,833352.4975998261,4585.092613047725,56799.92131031008
008W16-E,USA,2015,333898.25331453787,1969.7277335582571,18791.54322642972
00G70G-E,USA,2015,170159.67247436772,1797.7026456025746,5340.019950090701
05MDRV-E,USA,2015,726397.7802562848,12132.036787878,19746.551651432274
0012PR-E,USA,2015,1.5189414853792991e6,14668.121516287172,16592.550046081917
001K97-E,USA,2015,1.3793748320675273e6,8561.71759241062,6723.410520577637
002HJD-E,USA,2015,669982.8116343521,7851.547189070238,15143.400347622035
0033W4-E,USA,2015,437397.6959418964,2856.649192755165,1412.4625296231002
00371D-E,USA,2015,4.706973580807211e6,38941.198027855986,4152.4484042157055
0BTZL3-E,USA,2015,237260.1309814096,1738.0473544372228,3427.047898426244
002L44-E,USA,2015,729370.7280766865,6515.405468443209,6589.753465910236
003CLR-E,USA,2015,2.4660207662947266e6,30196.879992554634,93581.25054120753
000LV7-E,USA,2015,5.123787227845108e6,61938.855700337255,46632.0805093098
000CNK-E,USA,2015,176074.19202109094,1536.7626983281264,2251.4176162744757
000LKV-E,USA,2015,468691.02539277583,3086.5154527248937,9210.464843930627
000NVT-E,USA,2015,101294.32163222703,933.8294850253696,47686.66372446607
000PC2-E,USA,2015,58271.9421431119,1014.2262575778196,7508.863071964254
0015NZ-E,USA,2015,202719.52756516112,5608.5682272294425,35492.54651782611
002FQ3-E,USA,2015,504194.0271303329,4456.805221424075,29251.377109528286
000VMV-E,USA,2015,348467.12240743334,4175.883174964635,264982.8866460006
000PLS-E,USA,2015,1.9222889058648427e6,18918.42371154849,1.7115458909283113e7
00B36T-E,USA,2015,105899.21467816354,2210.1886711849897,2425.480592740836
000BGB-E,USA,2015,602791.0370271938,3048.719995481795,10082.702012799084
000PFH-E,USA,2015,2.3580802141536428e6,14773.978060150572,6808.44683934326
0022QP-E,USA,2015,2.1969104058588934e6,7704.5474374542555,1.609581813547739e6
001CGF-E,USA,2015,1.1991425817397565e6,5947.155837637888,17476.441077796622
068T0P-E,USA,2015,718126.4470525677,3932.2229437152264,4333.672832990626
001QFL-E,USA,2015,1.7066416513303397e6,10413.351712552545,12671.76337937679
05HX0N-E,ZAF,2015,542929.1101841793,1150.8271098433972,250166.60034938803
0B6B7H-E,ZAF,2015,107165.69320756292,201.46551826467456,3689.561115138544
003KKT-E,ZAF,2015,681660.4842114942,3263.770813829445,475323.85333850404
008RN7-E,ZAF,2015,2.687278176369671e6,2285.08335714346,192944.6248189647
05HQ0P-E,ZAF,2015,1.8369537651653825e6,2069.1412775894087,342186.8607975002
05HWCN-E,ZAF,2015,2.5383098560909755e6,3677.5470609614745,99001.85354245908
05J16R-E,ZAF,2015,1.1316303934743751e6,1093.8638881090997,4307.210111759966
003JP3-E,ZAF,2015,4.956049017309543e6,2187.146640318494,378078.9012345337
05HSJH-E,ZAF,2015,424252.73215327563,780.0579999999999,2056.4604403903704
05HXR3-E,ZAF,2015,129270.90663122706,206.3040443374664,653.3388333145301
0610BL-E,ZAF,2015,2194.8297420092144,24.931200940091244,258.23649872062634
05HZLT-E,ZAF,2015,676293.3290327893,1417.7694621485514,2633.470821795742
