FACTSET_ENTITY_ID,ISO_COUNTRY,YEAR,g_S3_est,SALES,accounting_year,g_S3_CDP_c
003JR4-E,AUS,2015,907854.2202704187,3800.4965178811563,2015,84695.83347604568
05FWGK-E,AUS,2015,86975.07842494923,1088.4249327849548,2015,2467.2123963472895
05HWY4-E,AUS,2015,963253.1967590883,6461.314997637382,2015,993553.1962391335
003JKC-E,AUT,2015,7.174631470472611e6,19863.125730493757,2015,1.106626998314162e6
05HX92-E,AUT,2015,1.5763175120239626e6,2711.112571260981,2015,162483.9441715966
09WND4-E,AUT,2015,334087.2638448836,1789.872,2015,12523.802438597497
05J17T-E,AUT,2015,154388.879380186,1082.795155967169,2015,233285.29521336505
002K83-E,BEL,2015,1.5895542039533349e7,8768.585566972983,2015,4.987838269094478e6
05HHCX-E,BEL,2015,1.5346324697216435e6,2914.562986107241,2015,26274.5530795507
05HJ3S-E,BEL,2015,5.549778052995354e7,20617.22992294656,2015,2.153066762987332e7
05JGJ8-E,BEL,2015,4.209003602254042e6,5454.711140904875,2015,143141.08746533192
0622GR-E,BEL,2015,1.0824289421931952e6,4874.161,2015,7604.779001224136
05HZ66-E,BEL,2015,57704.694046020115,110.66496052661715,2015,3295.5506075802455
002C5D-E,BRA,2015,7.227320224410631e6,12761.344844690293,2015,2.4448999681442804e6
003LG0-E,BRA,2015,5.566606914370334e7,75266.93985368304,2015,4.586211724839224e6
06JQ36-E,BRA,2015,2.3472682141014705e6,1824.0515885233442,2015,1.406293429161634e7
086DVT-E,BRA,2015,697383.1989586814,871.3445616871716,2015,36394.00011865262
08B2D0-E,BRA,2015,711509.1596830449,1701.2068083316726,2015,33181.06924869158
05J1R2-E,BRA,2015,9.084921837685753e6,10016.482126148341,2015,2.9305196217150493e6
0066G5-E,BRA,2015,312.09375114117734,0.3598089729802434,2015,0.28651387555455177
05HWJK-E,BRA,2015,1.2442137201802311e7,9096.48670055973,2015,1.243928337344971e6
05W4HH-E,BRA,2015,5.371894205669628e6,4211.694512020269,2015,5844.834033751303
05WHCL-E,BRA,2015,741500.290341296,776.3312932964266,2015,1855.667494046485
06NDR6-E,BRA,2015,432033.6713613142,822.0435669355296,2015,26294.564025520183
001YYP-E,BRA,2015,5.057941638394738e6,6735.923815000973,2015,27938.029744989526
05J2S0-E,BRA,2015,3.6953826592667536e6,5293.695998667409,2015,57014.889330236314
05J3LP-E,BRA,2015,2.2347954124560114e6,2922.4584307887817,2015,9255.98860415697
0026WY-E,BRA,2015,1.5983054469250627e6,5998.482260946991,2015,17279.978866592315
05HXDX-E,BRA,2015,363054.4826730173,1984.1763087983643,2015,61394.95840535944
007VQR-E,BRA,2015,684553.7950733308,2486.7441560952425,2015,18610.376935908946
00BSDK-E,BRA,2015,2.493831886092876e6,20304.412656556917,2015,58291.44715079005
05HWYX-E,BRA,2015,269287.27549945726,1030.3114795757776,2015,85370.27634845993
05HZBC-E,BRA,2015,7507.137801398256,37.30019686561857,2015,327.28471890219197
05NSLM-E,BRA,2015,857456.9084829323,6879.428097289413,2015,20125.48501303337
05W4YC-E,BRA,2015,383335.68028236605,2081.8547176636885,2015,4674.810186784723
00CS2T-E,CAN,2015,79001.43368849657,537.356241896393,2015,240909.9434362382
0817XN-E,CAN,2015,1.2763917975586431e7,19571.944746736488,2015,557464.3458231364
083V0Q-E,CAN,2015,9.984476223502384e6,8072.0879669327815,2015,4149.848303706337
001NDB-E,CAN,2015,1.9105768610830999e6,5247.9389655862415,2015,1.563384957253587e6
06LJ3H-E,CAN,2015,385995.071624423,666.5856033383338,2015,3919.4479310608835
003MYN-E,CAN,2015,276834.0236686907,1796.6089789637724,2015,627.4966946983016
06B3CZ-E,CAN,2015,312395.1535789094,1471.9018177389912,2015,35067.43022182146
0093J5-E,CAN,2015,667339.9951383205,2738.6144063476722,2015,1.2201451383256118e6
003N20-E,CAN,2015,582312.8589841507,1232.6187768942261,2015,4646.984149176422
003VJL-E,CAN,2015,3.5669777190604582e6,8803.685078334245,2015,97041.28287870061
0019S0-E,CAN,2015,1.8202257478338378e6,7701.857306891314,2015,553036.4809608649
001HN7-E,CAN,2015,2.709915415449148e6,7702.366520577125,2015,1.2526072950460108e6
00282B-E,CAN,2015,1.6944206582538516e6,14304.441797879368,2015,1.4424423139069418e6
00136Q-E,CAN,2015,1.547087248918166e6,16334.20491393314,2015,9604.553266880019
001VG4-E,CAN,2015,666974.0345745302,7196.239352891455,2015,9729.233376229236
00200H-E,CAN,2015,392603.8749325817,3025.371463283977,2015,11313.323987947626
003L9F-E,CAN,2015,2.6341249984933157e6,18818.333996883248,2015,14336.852200483048
003V24-E,CAN,2015,4.705092740049292e6,18548.497946816682,2015,8316.086974598744
00791K-E,CAN,2015,344816.28729485837,1349.5101729135754,2015,3517.3302928320563
0030M3-E,CAN,2015,709142.741701581,7858.12062667222,2015,440143.184182173
003FXF-E,CAN,2015,3448.2064907724543,26.95484714102368,2015,40170.126412173515
003N6X-E,CAN,2015,4.708467336513905e6,20258.49297270365,2015,6428.326028964487
05H65P-E,CAN,2015,4.755760462320313e6,20258.49297270365,2015,6335.587310961708
05HL4J-E,CHE,2015,1.124906151730395e6,3417.4462971131907,2015,942038.6557165998
000VJ8-E,CHE,2015,3.9845905547238616e6,39183.24515773343,2015,696233.034087808
05FGM6-E,CHE,2015,3.355656240123399e6,23047.699036751957,2015,3.3201318499513636e6
05J10Q-E,CHE,2015,81669.60178743165,398.9518114700945,2015,12849.161702882197
05HWZT-E,CHE,2015,1.361027619298502e6,6816.207087650362,2015,1.5953370386685084e6
05HWWX-E,CHE,2015,4.812223765957003e6,14382.683791941748,2015,237076.21157466836
002TZV-E,CHE,2015,38.247531584446364,0.7287161509503339,2015,29.06251441811047
05FWCG-E,CHE,2015,48533.451068078204,763.9646843495377,2015,280.2639793675424
05FWMC-E,CHE,2015,18211.202665809647,692.2450867619855,2015,1155.11071712418
05J16T-E,CHE,2015,12319.913120142864,287.58034330175235,2015,277.72745100845975
05MBK2-E,CHE,2015,64320.66693543509,754.8343922942446,2015,612326.1015881376
002C2M-E,CHE,2015,2.7875322536772196e6,17813.54766269229,2015,7097.7988140061225
05HWM3-E,CHE,2015,126974.94896974662,4262.635573698449,2015,179161.15108145136
0013TL-E,CHL,2015,354290.9090803817,664.3014259785574,2015,127813.77883778817
05J103-E,COL,2015,205267.48641794376,157.77723078313625,2015,23.40332591498531
06C3Z9-E,COL,2015,814134.4581850938,1787.963121659839,2015,2.5318164905074183e6
05PMHJ-E,COL,2015,194303.20725762576,179.04547733898136,2015,14017.883886254836
06FFV7-E,COL,2015,670655.1203718202,911.6014552919811,2015,915.1099823217181
003JGK-E,COL,2015,313033.01654246205,2216.24279648093,2015,351.04138353611495
05J27C-E,COL,2015,24124.230004439425,151.40269491985578,2015,93.9104752095893
05WQPQ-E,COL,2015,168389.99736084125,1127.8698234702358,2015,254.93476964440686
05WL8K-E,COL,2015,238892.94492457836,1350.6333802539698,2015,691.4270752437803
05HHL0-E,DEU,2015,2.186110315900525e6,14932.994714619543,2015,2.756865891430845e6
008TGL-E,DEU,2015,1.0408465689827512e6,1910.983026724595,2015,1.2244172262766922e6
05HSK3-E,DEU,2015,1.0049056734835734e6,2811.0760828135135,2015,87424.5119071657
05HWRB-E,DEU,2015,530278.9503122732,2731.3980298989554,2015,17783.248372247424
003715-E,DEU,2015,2.5055322948650625e6,1918.9241167194848,2015,884187.042919822
0028L7-E,DEU,2015,1.3474543522750275e7,37529.97776786099,2015,1.1244338645001877e7
002PBB-E,DEU,2015,8.51348893793324e6,14906.42948646306,2015,29714.299905759184
002YCC-E,DEU,2015,2.6147166380293734e7,45362.45084954667,2015,3.2363566897264227e7
006NX1-E,DEU,2015,2374.7067836597616,9.313298428319555,2015,9542.690938566877
00846Z-E,DEU,2015,1.06862996186433e6,3552.995020620994,2015,2.5973567448591995e6
05HG3K-E,DEU,2015,2.5379444325473243e6,4602.553052662516,2015,44815.39918614329
06XPZ0-E,DEU,2015,3.1641432844938445e6,11132.226696736767,2015,5.798704572886287e6
003JMZ-E,DEU,2015,9.7505023621862e6,30398.09077715078,2015,3.4679164837015127e6
05HL4P-E,DEU,2015,230048.8631534783,637.1888444465752,2015,210639.1623037551
05HGS3-E,DEU,2015,1.7418840122150365e7,33277.64468929114,2015,1.929532926123492e7
002Q21-E,DEU,2015,9.10550689225773e6,30359.399466976134,2015,3.5088190469265436e6
05HRC2-E,DEU,2015,1.0576903181774404e6,3017.8096964169827,2015,6259.522323124191
001YFZ-E,DEU,2015,4.956509371704967e7,144951.02834435808,2015,2.1369180766897175e7
0025F0-E,DEU,2015,3.7989120194313705e7,103413.07355095948,2015,4.641225284189944e6
05HF3F-E,DEU,2015,2.8567265411138248e7,86031.83676525035,2015,6.292046023801872e6
002M19-E,DEU,2015,574134.5891596433,1492.09702433426,2015,896790.5243532618
05HFSY-E,DEU,2015,1.635601371687293e6,3064.461331009494,2015,163421.8718126523
05GDR1-E,DEU,2015,2.8073620279455315e7,54274.55938871753,2015,2.435614858920778e7
003JN9-E,DEU,2015,1.3913921404959058e7,26423.219381942086,2015,7.960616000000004e6
05HGB3-E,DEU,2015,2.765639096028934e6,14307.745064963783,2015,41738.441955211274
05HDZK-E,DEU,2015,591704.5503817844,11609.884077962197,2015,388871.0548987484
0011H9-E,DEU,2015,2.5519838958211862e6,24514.82273824721,2015,932971.7800261332
001D6B-E,DEU,2015,3.5615904987242008e6,28170.110999999997,2015,1.2085197189326999e6
0032RQ-E,DEU,2015,1.4658868233511657e6,9066.717999999999,2015,4185.558885919804
003JZH-E,DEU,2015,2.0645720303167696e6,12947.010758397708,2015,5365.16233646362
05FWFX-E,DEU,2015,1.1861714185739355e6,8168.5160000000005,2015,40245.35020921683
05HR85-E,DEU,2015,152458.83171550292,1083.4712217152999,2015,51.539604299682466
05J4S9-E,DEU,2015,73855.23529992279,431.56365394236457,2015,21842.257031355224
05J74D-E,DEU,2015,115006.13203145812,782.980838986951,2015,851.85032948477
05HL2T-E,DEU,2015,114694.03271202078,1427.114,2015,3524.4649114379545
003G89-E,DNK,2015,1.5370569293116566e6,12008.306119882489,2015,951217.2233277224
00455M-E,DNK,2015,408243.2735501054,1214.1857390682176,2015,5396.327754065854
05HWWD-E,DNK,2015,238861.6688042276,1491.4382755370264,2015,39427.360019746666
05HH9B-E,DNK,2015,2.970600567109323e6,7173.177587576343,2015,1.2003252788968564e6
05G8VG-E,DNK,2015,434646.26882852725,7925.853403805868,2015,3438.1172265141977
05HXMM-E,DNK,2015,133949.83725083485,1598.0167436124177,2015,1201.599518013601
003P21-E,DNK,2015,76640.99615508842,546.7396691093925,2015,299407.1120971328
05DZH8-E,ESP,2015,2.2944780222809438e7,34987.82838639772,2015,3.747062638962709e6
003G1Q-E,ESP,2015,2.5751622135754437e6,4929.137857126498,2015,1.087729650435566e6
00394S-E,ESP,2015,1.1272967214377928e6,3170.0088299647855,2015,29040.54920577011
009BRJ-E,ESP,2015,203401.07816607915,554.626474142853,2015,3900.456579094789
05HLL9-E,ESP,2015,2.549045211303422e6,5768.950956283297,2015,197596.78866884016
05HWMK-E,ESP,2015,2.993652403598116e6,3548.7032576892852,2015,39652.84612799863
003HR3-E,ESP,2015,2.0940290472685885e7,17830.591767796384,2015,9.60749263946596e6
05HDYL-E,ESP,2015,2.638966349084302e7,20908.502462041833,2015,1.5483220910939092e7
05HFXJ-E,ESP,2015,3.284541717306654e7,28246.673786084524,2015,222904.6978024817
05HJVH-E,ESP,2015,2.4091860359489047e6,5367.185305438245,2015,945153.4345717519
05JLQW-E,ESP,2015,388518.8833092553,1140.0108597280407,2015,8334.759045860717
05HKW1-E,ESP,2015,1.5664447906449642e6,3876.6012518058346,2015,373210.54814763233
08D377-E,ESP,2015,2.821552958969294e6,8733.300872006446,2015,860073.0962497211
05HGD6-E,ESP,2015,1.4472293870421248e6,3831.1042535213987,2015,391189.81078058947
05DZGP-E,ESP,2015,5.646689043968033e6,39838.43349713831,2015,684523.4465924099
09Q519-E,ESP,2015,233276.46418814408,3043.757793556689,2015,5879.310996019079
05HJX4-E,ESP,2015,205714.27532861588,1373.2110000000002,2015,3326.9912514429598
05HKLH-E,ESP,2015,524105.70991649816,3598.923,2015,4654.682645376591
06WSS6-E,ESP,2015,371100.0623937653,5938.858,2015,21536.267169238985
06Y6NS-E,ESP,2015,577184.279110981,8410.169000000002,2015,10180.765063255625
003HWW-E,ESP,2015,388791.66085955175,2515.0410972485993,2015,2532.7022770733684
05HXRV-E,FIN,2015,304158.70030563156,545.9320665954647,2015,4214.926174670162
002V9S-E,FIN,2015,5.148054112396695e6,7670.645125452515,2015,1.2994969758208739e6
002V58-E,FIN,2015,3.722974002865458e6,5563.562146601066,2015,2.542185466017992e6
05HX7G-E,FIN,2015,1.4438196096740551e6,1640.1885779448608,2015,370441.4313237841
05HXKW-E,FIN,2015,1.5234478985465807e6,1969.404733009993,2015,563715.4819632701
063XQ2-E,FIN,2015,54492.09715231649,221.67389747885966,2015,3482.419400515371
05LP7T-E,FIN,2015,5.888513193094691e6,6132.91422137951,2015,2.1989424802652574e6
05JTW6-E,FIN,2015,679546.0263497231,1042.6098835066805,2015,119992.19693976133
05HHKF-E,FIN,2015,8.012152773924892e6,4673.76844330581,2015,1300.9706613826613
000RCG-E,FIN,2015,3.6742614186694715e6,10213.927008458182,2015,1.3916828813884568e6
002CKG-E,FIN,2015,977592.6374128817,2305.116233228578,2015,272248.99538271193
05HX0F-E,FIN,2015,1.5356784483711896e6,3823.62607991139,2015,1.6475340985840044e6
05HZJ9-E,FIN,2015,388591.09816124087,911.741267778174,2015,733867.2619233255
0DH64Z-E,FIN,2015,630297.7417673662,1396.7105516798642,2015,418305.81245695095
05HJM0-E,FIN,2015,2.311883246662326e6,3423.8774001877664,2015,2.95661185061889e6
05HZ28-E,FIN,2015,5.4567100700566545e6,7313.940130197656,2015,2.859818678385561e6
05HZWM-E,FIN,2015,1.4893065280011105e6,1942.8278863407995,2015,5.51471753518727e6
05HXDY-E,FIN,2015,308566.6902788505,1281.2852708741216,2015,69734.01610696988
05HZ7G-E,FIN,2015,200380.17433301485,584.6320000000001,2015,2662.6539960053824
05HYXL-E,FIN,2015,1.6407128527606307e6,4428.404798563498,2015,23783.71072803713
001YMJ-E,FRA,2015,1.1542069357597312e7,18599.42643639963,2015,7.464937839626644e6
005M9Z-E,FRA,2015,4.810490233701132e6,29447.858425594266,2015,3.616361330818859e6
05H41J-E,FRA,2015,8.863311188828543e6,14158.037430406257,2015,879343.8393595995
05HGJH-E,FRA,2015,3.835946355344874e6,9319.643043117088,2015,8.63619897456135e6
002X73-E,FRA,2015,9.53609694551645e6,33251.12417319066,2015,2.247639270206086e6
0011MS-E,FRA,2015,5.267411423825058e6,37841.893256014904,2015,1.2121978233188244e6
05HFTC-E,FRA,2015,7.143550744271983e6,20686.86693950567,2015,2.5712166250586393e6
05HX6D-E,FRA,2015,1.3686569687290855e6,3695.7018143295295,2015,101455.12230266332
05HHFX-E,FRA,2015,2.934297601858392e6,11082.263909670142,2015,1.5737681785308886e6
05HK8H-E,FRA,2015,3.0291923539286796e6,12310.702682500418,2015,4.0460311590739563e6
064R06-E,FRA,2015,1.122651445767601e6,3735.0540932816693,2015,1.1806976685710822e6
05HYYK-E,FRA,2015,374324.43091907894,826.4581657806045,2015,83030.83326826697
05H41M-E,FRA,2015,1.4333798702472737e6,5203.751469701891,2015,20145.701794458026
05GJN3-E,FRA,2015,1.3863684274222389e7,44122.5702249964,2015,6.120227340556424e6
05HDYJ-E,FRA,2015,9.347969446043294e6,34724.446379475965,2015,1.0585986571582103e7
05HDZS-E,FRA,2015,363606.88178802293,1685.463323899334,2015,69473.65847981296
05HHCW-E,FRA,2015,2.302529219839145e7,57870.69411559587,2015,1.4305200459181815e7
0655BR-E,FRA,2015,6.409851276337909e6,13606.672581585293,2015,1.610775646829083e6
0024DP-E,FRA,2015,9.519431177072667e6,22654.016441332606,2015,5.9788805999171315e6
05HFMC-E,FRA,2015,5.485967543031933e6,12985.312833801509,2015,59515.24191565368
002KZL-E,FRA,2015,1.252790450192067e6,4931.614668022029,2015,863691.0763781454
05HWZ3-E,FRA,2015,26136.958118995884,810.718867153937,2015,130385.70522097162
070ZLB-E,FRA,2015,59895.118376057384,830.1483701789331,2015,205004.3563571619
003K9V-E,FRA,2015,1.6335240081721009e6,5988.14881613607,2015,179914.12530508288
05HDYF-E,FRA,2015,4.0098475743728545e6,14836.513853127557,2015,7.554803801109846e6
000VF7-E,FRA,2015,4.858982600665762e6,11441.189252095977,2015,448920.498830484
05HFMZ-E,FRA,2015,1.547021169053186e6,5203.875036997383,2015,1.8014502946425278e6
05ZKN9-E,FRA,2015,1.148740148621966e7,23531.24210549845,2015,741003.8984064384
08V0XH-E,FRA,2015,324022.65755057655,854.191796971583,2015,29342.959531694498
05HZTV-E,FRA,2015,188086.80547472986,2114.3132648001992,2015,130842.1520937352
001G7R-E,FRA,2015,284050.49178621557,1709.3040195495648,2015,433246.4137589205
003PTZ-E,FRA,2015,96693.75884548335,915.1416766061122,2015,13906.448906542586
05HZVD-E,FRA,2015,56094.845789716885,1139.960967881783,2015,2162.53442938347
05FWBG-E,FRA,2015,615515.4281354817,10570.953354447262,2015,49694.25690297525
05G3GH-E,FRA,2015,137819.84622044384,2089.215,2015,3219.7810623584655
06GTV0-E,FRA,2015,245627.4769296024,3819.159000000001,2015,11510.810097170921
001VPR-E,FRA,2015,1.0431731927412273e7,76421.94632418547,2015,46196.95617326905
05GNMJ-E,FRA,2015,4.0100526933651995e6,26495.827999999998,2015,5910.725381208822
05HWRV-E,FRA,2015,24763.23908098818,444.1420743597082,2015,234.42522528021357
004175-E,FRA,2015,276600.6532555399,4080.4712843701996,2015,8145.114170701591
05HWK3-E,FRA,2015,444847.7027735994,2495.2468904129255,2015,5197.711351985493
05HZLW-E,FRA,2015,228443.59191400118,1388.7376071720769,2015,8601.449501855463
000VLZ-E,GBR,2015,7.10420516365778e6,29857.4509691893,2015,1.5070770077641332e6
002JWK-E,GBR,2015,4.7155621652921485e6,14134.274098624655,2015,1.1602862119603688e6
05HWXC-E,GBR,2015,527961.1445511145,2573.9285883394073,2015,112364.0447080306
066L2H-E,GBR,2015,1.8471987530519468e8,199984.99414104657,2015,6.882630454336614e6
002BV8-E,GBR,2015,1.126121819898742e7,42911.84527557041,2015,9.459060748177676e6
05HG2T-E,GBR,2015,3.517177526575121e6,9744.006069425384,2015,3.875510236642262e6
000Z35-E,GBR,2015,1.0386039113930538e6,8949.04071226996,2015,3.079444732214472e6
05FT2R-E,GBR,2015,3.82455793933926e6,28093.38474487913,2015,2.5617729636965743e6
05HGT0-E,GBR,2015,3.963630529508122e6,11941.618300792368,2015,5.720967400005732e6
003JJM-E,GBR,2015,4.0132132642614255e6,5361.518892577235,2015,2.098878446630131e7
05G5M5-E,GBR,2015,2.0454219684113772e6,6703.129737884783,2015,11723.87307611564
05HXPT-E,GBR,2015,534339.3158760188,3708.989955075207,2015,43800.50807939953
05HZ2F-E,GBR,2015,984140.426299288,4306.501696055149,2015,9587.567151432533
000D1T-E,GBR,2015,548894.0183520345,12166.216729085709,2015,1.0237931612168181e6
05HWSB-E,GBR,2015,4.0558949691328136e6,8317.350218461715,2015,5.416892890930586e6
05J2CZ-E,GBR,2015,202892.98342305707,535.8475530533411,2015,29415.725620048346
000TWC-E,GBR,2015,1.6618020732053632e7,46909.61393585872,2015,8544.34438587151
0030BD-E,GBR,2015,1.4515311865227558e6,13652.91094392443,2015,694079.7787684042
003GSQ-E,GBR,2015,20677.676700617474,203.0330565334858,2015,2653.166262368521
07JRZL-E,GBR,2015,2.9927115830070493e6,22326.41803449026,2015,339849.01927995076
002J95-E,GBR,2015,7.279839411703283e6,35998.99095320548,2015,1.135253038669949e6
002118-E,GBR,2015,563508.6443264643,6413.6473558203015,2015,673503.5892132771
00CN10-E,GBR,2015,22189.037936493092,354.0940323846554,2015,208.3804281750733
05HM5J-E,GBR,2015,16941.652236392136,267.04815492439104,2015,1813.2206356998768
05HX8P-E,GBR,2015,62063.10281111213,788.8431783812475,2015,2989.092417106165
05HYXR-E,GBR,2015,36342.31496368737,321.73179560321336,2015,208163.18060627146
05HZMT-E,GBR,2015,8823.724968032368,246.28395190849935,2015,295.4262147232685
05J10J-E,GBR,2015,656117.955639224,2944.768489295674,2015,731.211447696916
05J198-E,GBR,2015,86643.6860215754,912.4758715071756,2015,1577.589166601894
05J2PN-E,GBR,2015,134575.22761966515,770.4755063356057,2015,10456.98830738936
07GCWC-E,GBR,2015,42067.14590452989,677.8832037275891,2015,2636.760852735155
05G2MG-E,GBR,2015,6.164582179061251e6,27019.783997451923,2015,304703.0997000019
05J0C0-E,GBR,2015,23021.532623914343,135.19135189509632,2015,5545.672577612563
095B5H-E,GBR,2015,10333.75768761939,98.35447126972944,2015,82178.25552281011
0658S3-E,GBR,2015,48962.0503662696,820.2220875735102,2015,2796.11701055063
005PTH-E,GBR,2015,32826.574192313696,388.3869334936442,2015,1707.0560749053477
003KSM-E,GRC,2015,121774.79872535009,1312.1957369414336,2015,13039.872041221148
003L1W-E,HKG,2015,8.687958012428192e6,2681.228044514144,2015,13576.201003210403
05J0CK-E,IND,2015,1.2064779483601246e6,1926.434191564337,2015,126749.73907778003
05J20N-E,IND,2015,517128.08563044807,432.8434805918506,2015,124502.34504050785
05LYCN-E,IND,2015,2.0597127471157633e7,12299.05109717749,2015,4.854057134672812e6
003QDR-E,IND,2015,9.953801694651417e6,5339.432327869756,2015,1647.8557983688472
05J289-E,IND,2015,2.2897462880121665e6,1539.6450051984862,2015,77672.4523381353
05HZ5F-E,IND,2015,1.317859494143451e6,1460.1877609154621,2015,1.3161912654132936e6
05M21L-E,IND,2015,96074.24387241923,305.2250457494098,2015,144400.47879048865
05HXPL-E,IND,2015,1.1088758511500016e7,8393.478952267607,2015,129557.61740590735
05LBFM-E,IND,2015,5.032468815415942e6,11021.115861511915,2015,256200.3977093791
06JLTG-E,IND,2015,1.008671113233625e6,2900.568860985879,2015,33124.107745012865
00B7VX-E,IRL,2015,698120.4123173626,4789.8899853888515,2015,153417.31766849515
05HGDN-E,IRL,2015,1.4169089402813902e6,5412.955295910872,2015,147412.8911079524
003B3F-E,ISR,2015,1.9511080248358299e6,3973.0822685338203,2015,28855.944688916756
05DZHK-E,ITA,2015,6.620415155013089e6,56612.327874595496,2015,3.0647175958398157e6
000JP9-E,ITA,2015,2.4060217288838765e6,10237.653235060547,2015,147149.80928966633
05HQ2V-E,ITA,2015,552255.4343631801,1615.5769776468635,2015,5.553412649750379e6
0031L0-E,ITA,2015,1.6913581410249703e7,48961.98367899608,2015,1.9478692100834474e6
05HGSK-E,ITA,2015,2.6491015860725376e6,3150.280194494529,2015,5496.4792212807115
05HWFH-E,ITA,2015,902809.953539541,3739.150024108801,2015,178892.86831498856
071XK1-E,ITA,2015,4.3098162594238715e6,5944.282701080023,2015,488627.7948935737
09W4PM-E,ITA,2015,4.26978838999928e6,4391.21418760513,2015,241.15610434479856
002111-E,ITA,2015,1.7292030586244871e6,12511.737969902724,2015,4.321522571621555e6
003FNP-E,ITA,2015,851889.5941950439,8806.812,2015,15647.987059864223
05G1SW-E,ITA,2015,1.0582636498896457e7,73558.20752573984,2015,21382.758742914913
05HDYG-E,ITA,2015,342622.1189282786,3563.444343796917,2015,86441.56172234708
05L6HL-E,ITA,2015,186648.51016008502,1010.6699055222568,2015,349133.02518948057
06QC6V-E,ITA,2015,40139.52945238867,613.3969999999999,2015,390.4920773205496
05HX6H-E,JPN,2015,1.7543353520020605e6,2551.724697579419,2015,533521.4800984813
05HWC1-E,JPN,2015,3.8818040780176697e6,7282.372981969867,2015,1.1902701863224574e6
05HWDP-E,JPN,2015,769357.0730478768,2156.9227143704416,2015,86117.75398504068
05HWDG-E,JPN,2015,4.169513380630898e6,6451.689147062419,2015,554042.7760657849
05HWH8-E,JPN,2015,2.5548286225367533e6,4652.727863775027,2015,590235.6159257949
001NDC-E,JPN,2015,57029.74611095677,1186.2453075329647,2015,253610.0319956962
001RJ7-E,JPN,2015,1.05571682827697e7,31705.606814290597,2015,5.424807991224074e6
05HT4M-E,JPN,2015,923188.5663384824,2247.6682457996367,2015,325261.9099859097
05HX1B-E,JPN,2015,1.3382994374974368e6,1884.0618827076078,2015,393437.73009128036
05HWBT-E,JPN,2015,2.429295730247284e6,5297.257566344431,2015,1.061684632656888e6
05HWLL-E,JPN,2015,1.4180258328792856e6,2715.8463057033478,2015,602487.8780226199
05HWL9-E,JPN,2015,1.3211198223519472e6,1838.4255362148606,2015,346987.336009278
05HWN9-E,JPN,2015,1.5088902667316953e6,2013.8733930297433,2015,35339.12125015997
05J3B4-E,JPN,2015,91021.03763165354,236.24277051901305,2015,80035.4232657404
05HWF7-E,JPN,2015,4.0738546976581025e6,7752.039856764146,2015,321061.9466750827
05HWV5-E,JPN,2015,1.0845107565852785e6,2886.5283115181364,2015,434143.7580766104
003JNC-E,JPN,2015,976454.176008992,2700.7636524373956,2015,15252.864329385051
05HWBL-E,JPN,2015,3.8442446776637747e6,6530.960594624019,2015,58375.50874158576
05HWGY-E,JPN,2015,374181.50999685616,1151.9382399982949,2015,1625.6455721978389
062SS6-E,JPN,2015,2.1895188813734786e6,5383.429272343556,2015,246406.161864806
002KZY-E,JPN,2015,1.655564419015011e6,3312.546126601261,2015,495942.4637043384
05HWM5-E,JPN,2015,4.856062842130384e6,6157.315833431709,2015,11329.663078903108
05HWRF-E,JPN,2015,1.040234469178045e6,2270.8729322867584,2015,61497.50110809021
05HWVD-E,JPN,2015,2.6665871670469977e6,3230.245960384892,2015,325497.6101627674
002MQ1-E,JPN,2015,3.2619207807716946e6,5895.789238238837,2015,1.0764539024950701e6
05HNPP-E,JPN,2015,1.129839133000698e7,26712.18904723506,2015,3.733318750392234e6
05HWXV-E,JPN,2015,1.2876086726817463e6,2715.0668824689274,2015,191690.201783499
05HWN4-E,JPN,2015,2.552660860243975e6,6056.304468690078,2015,875046.6375246283
05HWLM-E,JPN,2015,1.9636808438314437e6,3751.677369538512,2015,2.1286894733411125e6
05HWV9-E,JPN,2015,1.9442498896218564e6,2811.32234845742,2015,1.5085144452484685e6
003LT3-E,JPN,2015,1.0499943064294746e6,2216.58850881112,2015,66142.06557073038
05FLZC-E,JPN,2015,5.208262207183411e6,9446.64798264944,2015,4.477399714944241e6
003JW8-E,JPN,2015,1.342847720073369e7,26698.676366754822,2015,4.690495115251443e6
05HYZ6-E,JPN,2015,629178.1894705268,1598.7215551929226,2015,52140.60021313389
05HZ0Z-E,JPN,2015,507498.09171510383,1453.6577656309437,2015,107777.95749854995
05HZMS-E,JPN,2015,81589.80195042212,144.07357264826436,2015,24266.828219913103
06CW0V-E,JPN,2015,2.7231201282706102e6,5285.972612764417,2015,295546.1892282694
05HZY1-E,JPN,2015,1.525325932718011e6,3031.7116667543364,2015,907807.448439893
05HWZY-E,JPN,2015,1.258140749049748e6,3385.0272296820644,2015,27327.805392549042
05HWWV-E,JPN,2015,201218.29270373745,962.8697782240213,2015,1500.5371375273774
05HWCG-E,JPN,2015,1.96841464952841e6,4937.695279638357,2015,181979.4382181259
05HWSF-E,JPN,2015,868857.5265914036,3224.5298630731672,2015,237111.45131228663
00337J-E,JPN,2015,3.2997653335778415e6,7497.373471144476,2015,386222.99794387614
05HZ23-E,JPN,2015,305553.3414473224,1163.223464290721,2015,63162.59779168533
05HWH2-E,JPN,2015,1.8717436476865457e6,4839.3015763757285,2015,3.7398451074696206e6
001CJR-E,JPN,2015,7.292554751412883e6,17300.44821994873,2015,2.4889232929805648e6
05HWBV-E,JPN,2015,2.632528338355507e6,7325.6583299993845,2015,1.276196748212748e6
05HWBS-E,JPN,2015,769704.9402119261,2607.3142044022516,2015,405639.4694868268
05HWCQ-E,JPN,2015,1.0086526065553682e7,22246.70353657951,2015,2.8049235808458813e6
05HXH8-E,JPN,2015,171302.2033016117,407.93410172721855,2015,75601.42953270968
001NL0-E,JPN,2015,1.1200027569701374e6,2280.2309896321012,2015,394544.06172322744
002RPP-E,JPN,2015,3.3321265471181283e6,15329.936190339864,2015,1.223980736061039e6
001R4R-E,JPN,2015,4.324841879359379e6,16757.20432063759,2015,919989.0022769734
003K89-E,JPN,2015,3.147393896680202e7,96610.32054020948,2015,1.4403465992723888e7
05HWJ0-E,JPN,2015,1.0559155120798726e7,21401.0151109973,2015,472174.7972635796
003SWG-E,JPN,2015,5.275194193128248e6,10251.683343728946,2015,2.2158095958246547e6
05HWC5-E,JPN,2015,9.306090844212133e6,20101.280492332582,2015,2.5680806613713205e6
05HWKB-E,JPN,2015,3.166136693594907e6,9704.931894897254,2015,474442.718221643
05HWKQ-E,JPN,2015,4.872596025696846e6,11716.720671415329,2015,1.2958770818851518e6
05HWMG-E,JPN,2015,4.322900891215931e6,10506.620830046737,2015,1.3572787894032097e6
05HWMM-E,JPN,2015,1.3921186784386844e6,5192.795591143394,2015,323473.0688516868
05HWNR-E,JPN,2015,4.1706319653503397e6,10294.595108798754,2015,392099.7731377005
05HX4Y-E,JPN,2015,125318.27137415353,788.021552573377,2015,41703.16589228565
05HXDQ-E,JPN,2015,1.9060803156095594e6,5763.224870760561,2015,1.1177564154214233e6
05HWG0-E,JPN,2015,2.3220072054155343e6,8978.986164231232,2015,3.0812622481278097e6
05HWF9-E,JPN,2015,1.3335737318925023e7,9389.449158160585,2015,2.856939087750675e6
05HWDF-E,JPN,2015,1.8321102298588417e7,15162.32910703342,2015,1.2436446670015275e7
05HWCF-E,JPN,2015,531047.9430421845,3038.526087819823,2015,209666.12801146574
05HYYX-E,JPN,2015,25337.491538785776,1111.6290090507757,2015,669398.8990401308
05J42W-E,JPN,2015,253811.0092770813,1216.8715290542673,2015,6159.041543607012
002TG2-E,JPN,2015,3.775221571557857e6,31976.19849130619,2015,995600.946611312
05GPKS-E,JPN,2015,7.820157295663959e6,35971.32164663142,2015,3.9750166202775063e6
05HWHD-E,JPN,2015,437026.7780896503,2678.1379572411033,2015,59330.595684046544
05HWCY-E,JPN,2015,892253.4429042272,7789.417337044409,2015,832279.3614487548
05SRYP-E,JPN,2015,163434.39513178985,1197.9086480583187,2015,306205.1665530719
05HWKV-E,JPN,2015,8.777151569174228e6,10372.132378697399,2015,1.376658547771871e6
05HWC7-E,JPN,2015,1.0784367157367703e6,6826.159043428099,2015,762291.5180416598
05HWDZ-E,JPN,2015,434522.7243103324,2887.4363786485555,2015,49067.31541675696
003M5F-E,KOR,2015,1.6749317954546405e7,15258.227,2015,472034.10470185755
001YDC-E,KOR,2015,3.0430032363003828e7,22640.732836688963,2015,1.7490638046329338e6
09X8GB-E,KOR,2015,5.5430226082496485e6,9194.336,2015,99383.66444421481
05HWGV-E,KOR,2015,238320.7959600975,1062.708300076619,2015,7332.650768197
05HWK4-E,KOR,2015,3.803885609314308e6,15445.171,2015,5250.971486642296
05H85D-E,LUX,2015,122214.53018273997,1870.2332418824826,2015,6093.669508813721
00B49F-E,MEX,2015,84904.0782107813,224.43715545440557,2015,123455.9204546975
003Q6N-E,MEX,2015,1.2356708254067842e7,22836.01334500449,2015,1.0571183112578085e6
003J84-E,NLD,2015,1.1152137757324103e7,16446.96810067518,2015,4.447825766509775e6
00308C-E,NLD,2015,4.752865795170544e6,6408.387066833745,2015,2.645346770896686e6
05HZ34-E,NLD,2015,289703.4126383387,318.34463595408255,2015,18554.31294663451
000TCK-E,NLD,2015,4.069117638419768e6,18340.20209765393,2015,3.386437972715937e6
05J1B6-E,NLD,2015,3.5226419453889835e6,6629.98347316114,2015,1.9763908945699383e6
063Q6G-E,NLD,2015,251144.75909031625,3164.172949838494,2015,141954.8759556954
06B2GP-E,NLD,2015,337191.2491248916,2453.972443547792,2015,152065.96768789963
003K16-E,NLD,2015,1.0743576560040123e6,6880.105210750506,2015,237044.37365161226
05HZZZ-E,NLD,2015,3017.7322455383664,37.193,2015,49.40700596303617
05HXF4-E,NLD,2015,13280.213674239916,190.8288037238353,2015,2603.3485169995483
05K63M-E,NOR,2015,364526.3383757943,1263.7717233768017,2015,1887.0273352502854
05HXQY-E,NOR,2015,187897.53941561637,1362.0019352708437,2015,30413.312343862654
05JLV0-E,NOR,2015,31343.36362939723,130.4761965793322,2015,13174.182700436362
003J37-E,NOR,2015,14705.264357654749,61.94767517676415,2015,21493.860606797
05HH9S-E,PRT,2015,9.838755902885064e6,6099.863664565128,2015,4.286757214136088e6
05KVVP-E,PRT,2015,86193.57302386354,640.9330198130658,2015,3385.751066417726
05J6ZZ-E,PRT,2015,775265.4814478882,3491.62677857551,2015,5184.301004417721
003LXT-E,SGP,2015,288205.44431126333,1606.6144548757275,2015,544.3121361524967
003L05-E,SWE,2015,140904.12560818362,574.9609905954403,2015,7670.399138315434
05HFMB-E,SWE,2015,2.8838615733668143e6,15627.358314919209,2015,9.6873466328311e6
003JQN-E,SWE,2015,3.49944804802733e6,10229.211267660965,2015,144216.64645468892
0CMBQR-E,SWE,2015,692072.5853039329,1763.956856535648,2015,212053.3021186583
0011BD-E,SWE,2015,3.4256808495379915e6,20676.41334513175,2015,1.3899101316836998e6
05HHFZ-E,SWE,2015,2.931137667449525e6,10757.452764019228,2015,1.5791118617305795e6
0033BD-E,SWE,2015,344956.368991195,2034.552221828958,2015,14099.221791980752
05HY7L-E,SWE,2015,371928.3883371052,1297.123586164447,2015,5147.2969368793065
002TQG-E,SWE,2015,1.0775176838410804e6,8309.700818836804,2015,5258.110999032744
003J8W-E,SWE,2015,235060.2667061715,1315.4860535497196,2015,4613.931204970117
003QPZ-E,SWE,2015,490404.7597326739,3885.0579999999995,2015,7327.534331456875
05G6HM-E,SWE,2015,482715.54617997294,4887.333,2015,6886.4541178019535
05G6QB-E,SWE,2015,558559.8150278075,4501.8240000000005,2015,931.8561024883604
05HQGY-E,SWE,2015,1141.406850150495,303.5868041414285,2015,15.656529891964954
05HLG7-E,SWE,2015,452843.2244401836,1784.5642736101718,2015,41149.85566046852
002DG3-E,SWE,2015,242223.01604630623,6614.221103827991,2015,22619.26350628533
061S53-E,TUR,2015,285500.5788889674,535.0856731572874,2015,10033.970600238368
05J2WY-E,TUR,2015,557857.45404037,915.4649602041492,2015,46869.087582218504
05HZCC-E,TUR,2015,3.873391814703901e6,3348.023603077895,2015,261738.73337472693
05JD2P-E,TUR,2015,60758.44752468781,243.949,2015,501.54407766542505
0614RM-E,TUR,2015,225760.93830633513,972.9916345348948,2015,989.6645087017953
05W3SN-E,TWN,2015,3.12102079201874e7,19784.114659507875,2015,1.1641205209102015e8
05HWFR-E,TWN,2015,8.248102098426736e6,5052.149846352312,2015,6.551205317856703e6
001KR6-E,TWN,2015,1.7492354480981072e6,4024.431000000001,2015,2.998858090680499e6
001Y70-E,TWN,2015,6.619980095642063e6,26423.479,2015,3.4297408856398836e6
05HWHG-E,TWN,2015,5.718664298748271e6,10173.095999999998,2015,394057.47482652025
05HX62-E,TWN,2015,2.200740603508142e6,3926.2876037217943,2015,24244.949203343454
06J37R-E,TWN,2015,38484.74125248033,67.76286217586048,2015,690444.8442750385
05HWF0-E,TWN,2015,1.5961676807598745e7,30572.190721825238,2015,126274.2703333992
05W8F4-E,TWN,2015,1.1622497408183536e7,17775.43,2015,4.313411179129641e8
05HWK8-E,TWN,2015,1.5018673142429262e6,2792.658,2015,69133.06735989088
05HXC8-E,TWN,2015,795972.2216589209,1501.5571053867886,2015,684249.3549343883
000L92-E,USA,2015,745294.8714888614,2498.569866035643,2015,59636.93456601295
000T99-E,USA,2015,8.120496828451856e6,44893.161546424206,2015,2.072981907014079e7
000BVL-E,USA,2015,2.497268406952963e6,5391.87878761421,2015,8336.449120090685
000C49-E,USA,2015,1.432873041454625e6,7572.682093235651,2015,11203.32512751544
000KLW-E,USA,2015,823084.1197927763,2466.663469980579,2015,66902.50304585494
000HZY-E,USA,2015,2.7089685855263374e6,18167.459872979525,2015,210337.58105469888
000YMS-E,USA,2015,6.160793024706854e7,270756.15856906207,2015,6.196117640201179e6
002Q2X-E,USA,2015,5.951941002530551e6,29162.247408989777,2015,4.300994164379911e6
000N7V-E,USA,2015,2.6472632708976977e6,9550.697440177608,2015,9752.379985717538
002RNG-E,USA,2015,1.0162437742759144e7,22393.64596751146,2015,5.113622176398133e6
000NH1-E,USA,2015,5.252764887643468e6,10118.833975936759,2015,2.6601162635544343e6
000KYW-E,USA,2015,6.088729251475965e6,12927.165843412158,2015,4.096475048361355e6
0015Q5-E,USA,2015,3.4543901993615106e6,6611.536938259471,2015,5276.936801237384
000WW4-E,USA,2015,2.161809967558318e6,13979.508428906718,2015,2.4626917016720898e6
000DWY-E,USA,2015,1.2809013060560338e7,33138.90071202537,2015,2.8623692505754225e7
0019JD-E,USA,2015,1.8614760750627874e6,7184.55916236013,2015,5.34471320432557e6
000Q29-E,USA,2015,3.0407771478537256e6,22336.059983301224,2015,4.1107174064542647e6
000NVS-E,USA,2015,78711.48291946377,10872.16168464913,2015,6.21159293853591e6
0089PB-E,USA,2015,338193.5968148109,4356.504171871303,2015,322354.5454933444
008QMK-E,USA,2015,742850.1743156932,3847.2371385525275,2015,1.565488233522277e6
000TRY-E,USA,2015,1.0255623919015348e7,51555.822488480575,2015,4.307510108540683e6
06KNS6-E,USA,2015,155079.83819588763,3869.1754463296525,2015,4.0763656483572307e6
000BN8-E,USA,2015,1.2126341129264242e6,7062.499930090616,2015,3.979434402527766e6
000HXM-E,USA,2015,861960.2368631199,3628.2127957051257,2015,6.666654664565551e6
00172R-E,USA,2015,2.601877377311846e6,8222.728943154705,2015,540230.9834799059
000PQC-E,USA,2015,4.3361393188688345e6,28539.181375064734,2015,2.054038286908984e6
000BG2-E,USA,2015,2.6879023529328993e6,13496.701255556713,2015,3.565257643492937e6
000D1R-E,USA,2015,2.3222927406784147e6,12346.282586829053,2015,5.8149201667647906e7
000TBT-E,USA,2015,3.6946300033945767e6,34825.72274858634,2015,2.117740686950389e6
000VC1-E,USA,2015,414834.0634329258,3190.6256874070477,2015,219719.9276514505
00167Y-E,USA,2015,939069.0582268797,7583.873104838085,2015,150409.7003196456
00DYYX-E,USA,2015,2.72009781493225e6,16111.719593674328,2015,80875.66952688969
000DXS-E,USA,2015,1.440861467495937e6,10341.036836628315,2015,4.67972691456447e6
000N1Z-E,USA,2015,702215.384191138,2261.8223710815737,2015,730329.7761757234
000VWG-E,USA,2015,875177.1419311352,3528.17682008131,2015,6334.471524938208
000C80-E,USA,2015,399684.4847906271,1618.5796612396448,2015,167262.0221212961
000L54-E,USA,2015,1.7566967794065587e6,11508.15702618195,2015,6.641975905387907e6
000KS2-E,USA,2015,2.9169563084737137e6,2881.403441303748,2015,158541.45329997278
000CJY-E,USA,2015,1.4312873726324427e6,5591.4594246313,2015,2.2848671210992066e6
088S35-E,USA,2015,1.8635587810382675e6,7815.758948577125,2015,1.0388113803596544e6
0019PR-E,USA,2015,474448.6525844481,2271.712312949623,2015,11785.439301025188
000XNB-E,USA,2015,125074.96673348088,488.39054881949835,2015,40556.98664266283
000FFW-E,USA,2015,2.924948872452387e6,13752.01963267945,2015,2.2021926133936313e6
002FQ7-E,USA,2015,292415.8914383411,1343.630223905677,2015,637808.7227088815
000BK7-E,USA,2015,306921.6749695055,2792.3435020900624,2015,258991.77588255552
000C7F-E,USA,2015,2.179934332125289e7,126440.94695813824,2015,1.4005115408334324e7
000Q07-E,USA,2015,5.863809809748217e6,66318.53463518551,2015,5.129511363617954e6
000SY8-E,USA,2015,4.383378401204079e6,28051.55193471125,2015,202277.0076739242
00208X-E,USA,2015,323394.325451442,3337.9133605645948,2015,45544.14170823382
000YTL-E,USA,2015,585092.6434586908,9392.353724593871,2015,53189.60606264158
0016MB-E,USA,2015,802348.9907693184,4198.157477032575,2015,116965.7037665221
0758Z9-E,USA,2015,489518.22655517125,2300.561745303424,2015,26261.53638660834
000DS6-E,USA,2015,7.540925284925582e6,36735.34213593687,2015,1.1581065106277477e6
000N01-E,USA,2015,3.8916055001611547e6,37765.911613700606,2015,417348.54682200257
000HWL-E,USA,2015,1.575117196067626e6,6714.892431818892,2015,1.039576236577466e6
000P7N-E,USA,2015,7.005305719912974e6,32975.921592047576,2015,518217.9844631531
008FJT-E,USA,2015,171560.4017413629,2500.0069113718564,2015,43563.10709145621
000CPS-E,USA,2015,1.6425098168064503e6,8373.706828627508,2015,53064.7626749204
002J5D-E,USA,2015,204015.81246973487,2041.309468049858,2015,140352.3837805043
002LV5-E,USA,2015,358035.6321310807,2875.2759724132716,2015,25973.187582928567
0011S2-E,USA,2015,170314.2199168582,1534.2111030097255,2015,15201.199304294765
002P6D-E,USA,2015,210608.106251558,1582.6244508865266,2015,6635.6358873587005
000BJT-E,USA,2015,799672.2075019523,3618.251470341634,2015,58058.146651770454
000N1N-E,USA,2015,8.985058029442433e6,58939.265955487725,2015,293321.93317680876
0011HX-E,USA,2015,390598.92622955877,3442.7981848983054,2015,26007.915463937392
000KN2-E,USA,2015,2.5199864726761065e7,105336.21792544692,2015,9.958326696219696e6
0801VG-E,USA,2015,2.8114165470113054e7,107929.13450163661,2015,1.736891266630713e7
001VRS-E,USA,2015,617371.2987759659,2078.2310736079403,2015,1.436005301545474e7
000RBW-E,USA,2015,2.579306602693045e6,24298.194143613746,2015,401040.893408476
0024V8-E,USA,2015,407927.69173684507,4592.911210048779,2015,14472.599619932504
001HHK-E,USA,2015,1.935045102326529e7,145029.8986188585,2015,27411.941271688134
000KWJ-E,USA,2015,396823.0329645229,4441.787677328081,2015,956306.5726652155
000LR9-E,USA,2015,9.416598071217863e6,63427.73942361573,2015,1.166750569549796e6
000Y4G-E,USA,2015,1.2483176283497741e7,44992.49254940324,2015,6.31660459526958e6
000Y1Z-E,USA,2015,3.2706046399211264e6,16874.60092387427,2015,546858.1550669762
003GTW-E,USA,2015,4.544686854857211e6,13097.370935602745,2015,15631.617957300054
000JF5-E,USA,2015,3.13640144711903e6,4653.336396892161,2015,102142.21080540506
006C9Y-E,USA,2015,1.3924737913076435e6,8351.15693759665,2015,17943.468982647493
000CFP-E,USA,2015,375658.3767496752,1726.2441457012342,2015,28275.864556008655
002M0S-E,USA,2015,78693.75733627832,1541.0835461425245,2015,46113.16181022152
05WNR8-E,USA,2015,554705.0864562474,4612.338755479706,2015,31641.253422778736
0D7N1X-E,USA,2015,4.784011728611753e6,27358.88147882816,2015,124113.33121078166
002RBQ-E,USA,2015,832728.5822672094,4585.092613047725,2015,56799.92131031008
008W16-E,USA,2015,333683.8936403762,1969.7277335582571,2015,18791.54322642972
002HJD-E,USA,2015,669600.1851585449,7851.547189070238,2015,15143.400347622035
000LV7-E,USA,2015,5.120687914493439e6,61938.855700337255,2015,46632.0805093098
000NVT-E,USA,2015,101221.10838559008,933.8294850253696,2015,47686.66372446607
000VMV-E,USA,2015,349114.1228084357,4175.883174964635,2015,264982.8866460006
000PLS-E,USA,2015,1.9173917005188884e6,18918.42371154849,2015,1.7115458909283113e7
0022QP-E,USA,2015,2.19556623006099e6,7704.5474374542555,2015,1.609581813547739e6
001CGF-E,USA,2015,1.197580723230436e6,5947.155837637888,2015,17476.441077796622
05HX0N-E,ZAF,2015,542396.3416782757,1150.8271098433972,2015,250166.60034938803
0B6B7H-E,ZAF,2015,106944.68322790202,201.46551826467456,2015,3689.561115138544
003KKT-E,ZAF,2015,679696.0708671901,3263.770813829445,2015,475323.85333850404
008RN7-E,ZAF,2015,2.685551133912626e6,2285.08335714346,2015,192944.6248189647
05HQ0P-E,ZAF,2015,1.8354973882804918e6,2069.1412775894087,2015,342186.8607975002
05HWCN-E,ZAF,2015,2.535140216349705e6,3677.5470609614745,2015,99001.85354245908
05HSJH-E,ZAF,2015,424018.89982560725,780.0579999999999,2015,2056.4604403903704
05HXR3-E,ZAF,2015,129201.16266643156,206.3040443374664,2015,653.3388333145301
0610BL-E,ZAF,2015,2138.3159804840993,24.931200940091244,2015,258.23649872062634
05HZLT-E,ZAF,2015,676124.5547344863,1417.7694621485514,2015,2633.470821795742
